{
  "schema_version": "tsp-direct-scale-probe-summary/v1",
  "study_role": "adaptive_exploratory_direct_target_scale",
  "completed_at": "2026-07-14T04:11:14.014761+00:00",
  "prediction_sha256": "c0f771eca2416f3f72068c27f03ed74fc9561768341ba46089cc645245bf98bd",
  "total": 206,
  "stage_av_eligible": 156,
  "actual_scale_survivors": 105,
  "predicted_safe": 99,
  "correct": 200,
  "false_safe": 0,
  "false_risk": 6,
  "false_safe_rate": 0.0,
  "scale_survivor_recall": 0.9428571428571428,
  "selected_scale_slots": [
    "dfbe93ae8069e20791bb0d71984e91c9fad5e02be9f443645a7653dca8a84f08",
    "b14a8d533ce92840bb06217b39e4f25c848c99dddd7d3194d237bdbf9aa5c028",
    "857798a7b392c16430de781cd49e8f2d0b56a93c279803f9fa4b053564479437",
    "5b977db25c3fd5036e6457444df0105cf0693526968986ce9f74075912e11b56"
  ],
  "selected_false_safe": 0,
  "selected_reference_overlap": 2,
  "overall_pass": true
}
