{
  "schema_version": "tsp-runtime-probe-frontier-summary/v1",
  "completed_at": "2026-07-14T02:42:16.842433+00:00",
  "prediction_sha256": "821c65b7d5dec80b2e1cca3b70cd326becf4a129cea3921d3198d9e912db7b1e",
  "total": 206,
  "actual_scale_survivors": 105,
  "predicted_safe": 191,
  "correct": 120,
  "false_safe": 86,
  "false_risk": 0,
  "false_safe_rate": 0.450261780104712,
  "scale_survivor_recall": 1.0,
  "selected_scale_slots": [
    "ce9f8aff7c796f47915983836ce1a02c9cb42f6001470a0e80b09fa7a6355561",
    "07db19a271112e44e36d5631550d95728bacca33c13c2c6a25028e1ea4b88396",
    "eccb2ed6c3e42d541b093a579ca8cde5a0c370d8218d01062cc03c9a8bd88177",
    "857798a7b392c16430de781cd49e8f2d0b56a93c279803f9fa4b053564479437"
  ],
  "selected_false_safe": 1,
  "selected_reference_overlap": 0,
  "overall_pass": false
}
