{
  "schema_version": "tsp-quality-first-portfolio-confirmation/v1",
  "protocol_sha256": "429e32d45ee3ade6d21cb555d115f8b5a521e1f9228369211b24889246791696",
  "frozen_portfolio_sha256": "af722553db042198dece739ecf50278041f5f84a29cbb32593a133a976c8a865",
  "selected_addition_count": 8,
  "selected_addition_code_hashes": [
    "4a88814912e5890769e16efa02ff9928be4f92ed42a11a7c8f7917d969538ffd",
    "7b90ac0075499ce2b9ef5008adf3d8725bfd68ee738472e996f88b81418db78c",
    "52552c3a600b10c1fe31b010cf4bb0ecaf1e0f7b7665b29e7ae2b69cbc95713b",
    "3432d3e7426675905cdf459f6b60f54cdf70eee398bf4466f26b8a6d2460fa0f",
    "ff181d34620293a97d2662b7060ceee8b4fcc4a7b344f260f9766fd316c1a8ab",
    "45882acded6aadda0efa33db0e7279bc037543401869fcf87c47c90565b56f96",
    "afd1b378695ccadf5a0b1ce30e4fe43520596062014d7210a11fdd8ecacef577",
    "dfe37ceba45643d4805c6887dc3510b7e05bf1baa127d786d8d35d9998114769"
  ],
  "selected_cluster_ids": [
    29,
    26,
    8,
    15,
    30,
    39,
    42,
    20
  ],
  "metrics": {
    "added_code_count": 8,
    "total_code_count": 12,
    "mean_improvement_pct": 3.817464590513352,
    "median_improvement_pct": 2.569799901106718,
    "max_improvement_pct": 13.946314063697482,
    "win_count": 25,
    "same_count": 3,
    "loss_count": 0,
    "exact_full_oracle_matches": 9,
    "mean_regret_to_full_oracle_pct": 1.2795484691397065,
    "max_regret_to_full_oracle_pct": 5.427509293680299,
    "median_runtime_ratio_vs_baseline": 57.723325039519324,
    "two_sided_sign_test_p": 5.960464477539063e-08,
    "full_99_mean_improvement_upper_bound_pct": 5.008124407178642,
    "full_99_median_improvement_upper_bound_pct": 3.9730539652400334,
    "captured_mean_upper_bound_fraction": 0.7622543451679037
  },
  "checks": {
    "feasible_coordinates": true,
    "no_losses": true,
    "wins": true,
    "median_improvement": true,
    "mean_improvement": true
  },
  "decision": "quality_first_portfolio_supported_for_independent_scale_confirmation",
  "default_pool_behavior": "unchanged"
}
