{
  "schema_version": "tsp-runtime-probe-cascade-summary/v1",
  "study_role": "adaptive_exploratory_follow_up",
  "completed_at": "2026-07-14T03:22:53.330358+00:00",
  "prediction_sha256": "498bf33c0e9743aaac62fcef6453ca909e75297bfaecb3c781711bc3c86e4e1f",
  "total": 206,
  "stage_au_eligible": 191,
  "actual_scale_survivors": 105,
  "predicted_safe": 156,
  "correct": 155,
  "false_safe": 51,
  "false_risk": 0,
  "false_safe_rate": 0.3269230769230769,
  "scale_survivor_recall": 1.0,
  "selected_scale_slots": [
    "28d1c3ff1421008108fc869b9263ad43862cf8a808fdae38a228cd3732c56826",
    "db5c420b32fae1e1b9457f32d8089fb2b98ecccbfe9fd80740e08090e21bfedc",
    "6007346d8341aaa3a73923640a167d00f6374821af1d359e80da40d7372dd930",
    "dfbe93ae8069e20791bb0d71984e91c9fad5e02be9f443645a7653dca8a84f08"
  ],
  "selected_false_safe": 0,
  "selected_reference_overlap": 4,
  "overall_pass": false
}
