问题,岛类别,岛编号,重复序号,计划代数,当前代数,当代最优目标值
在线装箱问题,16代岛,1,1,16,0,0.03984
在线装箱问题,16代岛,1,1,16,1,0.03984
在线装箱问题,16代岛,1,1,16,2,0.03984
在线装箱问题,16代岛,1,1,16,3,0.03984
在线装箱问题,16代岛,1,1,16,4,0.03984
在线装箱问题,16代岛,1,1,16,5,0.03984
在线装箱问题,16代岛,1,1,16,6,0.03984
在线装箱问题,16代岛,1,1,16,7,0.03984
在线装箱问题,16代岛,1,1,16,8,0.03984
在线装箱问题,16代岛,1,1,16,9,0.03984
在线装箱问题,16代岛,1,1,16,10,0.03984
在线装箱问题,16代岛,1,1,16,11,0.03984
在线装箱问题,16代岛,1,1,16,12,0.03984
在线装箱问题,16代岛,1,1,16,13,0.03984
在线装箱问题,16代岛,1,1,16,14,0.03984
在线装箱问题,16代岛,1,1,16,15,0.03984
在线装箱问题,16代岛,1,1,16,16,0.03984
在线装箱问题,16代岛,1,2,16,0,0.03723
在线装箱问题,16代岛,1,2,16,1,0.03723
在线装箱问题,16代岛,1,2,16,2,0.03723
在线装箱问题,16代岛,1,2,16,3,0.03491
在线装箱问题,16代岛,1,2,16,4,0.03491
在线装箱问题,16代岛,1,2,16,5,0.03491
在线装箱问题,16代岛,1,2,16,6,0.03491
在线装箱问题,16代岛,1,2,16,7,0.03491
在线装箱问题,16代岛,1,2,16,8,0.03491
在线装箱问题,16代岛,1,2,16,9,0.03491
在线装箱问题,16代岛,1,2,16,10,0.02767
在线装箱问题,16代岛,1,2,16,11,0.02767
在线装箱问题,16代岛,1,2,16,12,0.02767
在线装箱问题,16代岛,1,2,16,13,0.02767
在线装箱问题,16代岛,1,2,16,14,0.02767
在线装箱问题,16代岛,1,2,16,15,0.02767
在线装箱问题,16代岛,1,2,16,16,0.02767
在线装箱问题,16代岛,1,3,16,0,0.03984
在线装箱问题,16代岛,1,3,16,1,0.03984
在线装箱问题,16代岛,1,3,16,2,0.03984
在线装箱问题,16代岛,1,3,16,3,0.03984
在线装箱问题,16代岛,1,3,16,4,0.03984
在线装箱问题,16代岛,1,3,16,5,0.03984
在线装箱问题,16代岛,1,3,16,6,0.03984
在线装箱问题,16代岛,1,3,16,7,0.03984
在线装箱问题,16代岛,1,3,16,8,0.02324
在线装箱问题,16代岛,1,3,16,9,0.02324
在线装箱问题,16代岛,1,3,16,10,0.02324
在线装箱问题,16代岛,1,3,16,11,0.02324
在线装箱问题,16代岛,1,3,16,12,0.02324
在线装箱问题,16代岛,1,3,16,13,0.02324
在线装箱问题,16代岛,1,3,16,14,0.02324
在线装箱问题,16代岛,1,3,16,15,0.02324
在线装箱问题,16代岛,1,3,16,16,0.02324
在线装箱问题,16代岛,1,4,16,0,0.04457
在线装箱问题,16代岛,1,4,16,1,0.04457
在线装箱问题,16代岛,1,4,16,2,0.04457
在线装箱问题,16代岛,1,4,16,3,0.03693
在线装箱问题,16代岛,1,4,16,4,0.03693
在线装箱问题,16代岛,1,4,16,5,0.03693
在线装箱问题,16代岛,1,4,16,6,0.03693
在线装箱问题,16代岛,1,4,16,7,0.02475
在线装箱问题,16代岛,1,4,16,8,0.02475
在线装箱问题,16代岛,1,4,16,9,0.02475
在线装箱问题,16代岛,1,4,16,10,0.02475
在线装箱问题,16代岛,1,4,16,11,0.02475
在线装箱问题,16代岛,1,4,16,12,0.02475
在线装箱问题,16代岛,1,4,16,13,0.02475
在线装箱问题,16代岛,1,4,16,14,0.02475
在线装箱问题,16代岛,1,4,16,15,0.02475
在线装箱问题,16代岛,1,4,16,16,0.02475
在线装箱问题,16代岛,1,5,16,0,0.03984
在线装箱问题,16代岛,1,5,16,1,0.03984
在线装箱问题,16代岛,1,5,16,2,0.03984
在线装箱问题,16代岛,1,5,16,3,0.03984
在线装箱问题,16代岛,1,5,16,4,0.03984
在线装箱问题,16代岛,1,5,16,5,0.03984
在线装箱问题,16代岛,1,5,16,6,0.03984
在线装箱问题,16代岛,1,5,16,7,0.03984
在线装箱问题,16代岛,1,5,16,8,0.03984
在线装箱问题,16代岛,1,5,16,9,0.03984
在线装箱问题,16代岛,1,5,16,10,0.03954
在线装箱问题,16代岛,1,5,16,11,0.03954
在线装箱问题,16代岛,1,5,16,12,0.03934
在线装箱问题,16代岛,1,5,16,13,0.03934
在线装箱问题,16代岛,1,5,16,14,0.03934
在线装箱问题,16代岛,1,5,16,15,0.03934
在线装箱问题,16代岛,1,5,16,16,0.03934
容量约束车辆路径问题,16代岛,1,1,16,0,13.11356
容量约束车辆路径问题,16代岛,1,1,16,1,13.03297
容量约束车辆路径问题,16代岛,1,1,16,2,13.03297
容量约束车辆路径问题,16代岛,1,1,16,3,13.03297
容量约束车辆路径问题,16代岛,1,1,16,4,13.03297
容量约束车辆路径问题,16代岛,1,1,16,5,13.03297
容量约束车辆路径问题,16代岛,1,1,16,6,12.89249
容量约束车辆路径问题,16代岛,1,1,16,7,12.89249
容量约束车辆路径问题,16代岛,1,1,16,8,12.89249
容量约束车辆路径问题,16代岛,1,1,16,9,12.82975
容量约束车辆路径问题,16代岛,1,1,16,10,12.82975
容量约束车辆路径问题,16代岛,1,1,16,11,12.82975
容量约束车辆路径问题,16代岛,1,1,16,12,12.82975
容量约束车辆路径问题,16代岛,1,1,16,13,12.82975
容量约束车辆路径问题,16代岛,1,1,16,14,12.75826
容量约束车辆路径问题,16代岛,1,1,16,15,12.75826
容量约束车辆路径问题,16代岛,1,1,16,16,12.75826
容量约束车辆路径问题,16代岛,1,2,16,0,12.86269
容量约束车辆路径问题,16代岛,1,2,16,1,12.86269
容量约束车辆路径问题,16代岛,1,2,16,2,12.86269
容量约束车辆路径问题,16代岛,1,2,16,3,12.86269
容量约束车辆路径问题,16代岛,1,2,16,4,12.79289
容量约束车辆路径问题,16代岛,1,2,16,5,12.79289
容量约束车辆路径问题,16代岛,1,2,16,6,12.79289
容量约束车辆路径问题,16代岛,1,2,16,7,12.79289
容量约束车辆路径问题,16代岛,1,2,16,8,12.79289
容量约束车辆路径问题,16代岛,1,2,16,9,12.79289
容量约束车辆路径问题,16代岛,1,2,16,10,12.79289
容量约束车辆路径问题,16代岛,1,2,16,11,12.79289
容量约束车辆路径问题,16代岛,1,2,16,12,12.79289
容量约束车辆路径问题,16代岛,1,2,16,13,12.79289
容量约束车辆路径问题,16代岛,1,2,16,14,12.75837
容量约束车辆路径问题,16代岛,1,2,16,15,12.75837
容量约束车辆路径问题,16代岛,1,2,16,16,12.75837
容量约束车辆路径问题,16代岛,1,3,16,0,12.86269
容量约束车辆路径问题,16代岛,1,3,16,1,12.86269
容量约束车辆路径问题,16代岛,1,3,16,2,12.81754
容量约束车辆路径问题,16代岛,1,3,16,3,12.81754
容量约束车辆路径问题,16代岛,1,3,16,4,12.81754
容量约束车辆路径问题,16代岛,1,3,16,5,12.81754
容量约束车辆路径问题,16代岛,1,3,16,6,12.81754
容量约束车辆路径问题,16代岛,1,3,16,7,12.81754
容量约束车辆路径问题,16代岛,1,3,16,8,12.81754
容量约束车辆路径问题,16代岛,1,3,16,9,12.81754
容量约束车辆路径问题,16代岛,1,3,16,10,12.81754
容量约束车辆路径问题,16代岛,1,3,16,11,12.81754
容量约束车辆路径问题,16代岛,1,3,16,12,12.81751
容量约束车辆路径问题,16代岛,1,3,16,13,12.81751
容量约束车辆路径问题,16代岛,1,3,16,14,12.75698
容量约束车辆路径问题,16代岛,1,3,16,15,12.75698
容量约束车辆路径问题,16代岛,1,3,16,16,12.75698
容量约束车辆路径问题,16代岛,1,4,16,0,13.28321
容量约束车辆路径问题,16代岛,1,4,16,1,13.16292
容量约束车辆路径问题,16代岛,1,4,16,2,13.16292
容量约束车辆路径问题,16代岛,1,4,16,3,13.16292
容量约束车辆路径问题,16代岛,1,4,16,4,13.16292
容量约束车辆路径问题,16代岛,1,4,16,5,13.16292
容量约束车辆路径问题,16代岛,1,4,16,6,13.04286
容量约束车辆路径问题,16代岛,1,4,16,7,13.04286
容量约束车辆路径问题,16代岛,1,4,16,8,13.03297
容量约束车辆路径问题,16代岛,1,4,16,9,12.91589
容量约束车辆路径问题,16代岛,1,4,16,10,12.91589
容量约束车辆路径问题,16代岛,1,4,16,11,12.91589
容量约束车辆路径问题,16代岛,1,4,16,12,12.91589
容量约束车辆路径问题,16代岛,1,4,16,13,12.91589
容量约束车辆路径问题,16代岛,1,4,16,14,12.91589
容量约束车辆路径问题,16代岛,1,4,16,15,12.91589
容量约束车辆路径问题,16代岛,1,4,16,16,12.91589
容量约束车辆路径问题,16代岛,1,5,16,0,12.86269
容量约束车辆路径问题,16代岛,1,5,16,1,12.86269
容量约束车辆路径问题,16代岛,1,5,16,2,12.86269
容量约束车辆路径问题,16代岛,1,5,16,3,12.86269
容量约束车辆路径问题,16代岛,1,5,16,4,12.86269
容量约束车辆路径问题,16代岛,1,5,16,5,12.86269
容量约束车辆路径问题,16代岛,1,5,16,6,12.86269
容量约束车辆路径问题,16代岛,1,5,16,7,12.86269
容量约束车辆路径问题,16代岛,1,5,16,8,12.7904
容量约束车辆路径问题,16代岛,1,5,16,9,12.7904
容量约束车辆路径问题,16代岛,1,5,16,10,12.7904
容量约束车辆路径问题,16代岛,1,5,16,11,12.7904
容量约束车辆路径问题,16代岛,1,5,16,12,12.7904
容量约束车辆路径问题,16代岛,1,5,16,13,12.7904
容量约束车辆路径问题,16代岛,1,5,16,14,12.7904
容量约束车辆路径问题,16代岛,1,5,16,15,12.7904
容量约束车辆路径问题,16代岛,1,5,16,16,12.7904
容量约束车辆路径问题,16代岛,1,6,16,0,13.28321
容量约束车辆路径问题,16代岛,1,6,16,1,13.14422
容量约束车辆路径问题,16代岛,1,6,16,2,12.83238
容量约束车辆路径问题,16代岛,1,6,16,3,12.83238
容量约束车辆路径问题,16代岛,1,6,16,4,12.83238
容量约束车辆路径问题,16代岛,1,6,16,5,12.83238
容量约束车辆路径问题,16代岛,1,6,16,6,12.83238
容量约束车辆路径问题,16代岛,1,6,16,7,12.83238
容量约束车辆路径问题,16代岛,1,6,16,8,12.83238
容量约束车辆路径问题,16代岛,1,6,16,9,12.83238
容量约束车辆路径问题,16代岛,1,6,16,10,12.83238
容量约束车辆路径问题,16代岛,1,6,16,11,12.83238
容量约束车辆路径问题,16代岛,1,6,16,12,12.83238
容量约束车辆路径问题,16代岛,1,6,16,13,12.83238
容量约束车辆路径问题,16代岛,1,6,16,14,12.83238
容量约束车辆路径问题,16代岛,1,6,16,15,12.83238
容量约束车辆路径问题,16代岛,1,6,16,16,12.83238
容量约束车辆路径问题,16代岛,1,7,16,0,13.28321
容量约束车辆路径问题,16代岛,1,7,16,1,12.80153
容量约束车辆路径问题,16代岛,1,7,16,2,12.70876
容量约束车辆路径问题,16代岛,1,7,16,3,12.70876
容量约束车辆路径问题,16代岛,1,7,16,4,12.70876
容量约束车辆路径问题,16代岛,1,7,16,5,12.70876
容量约束车辆路径问题,16代岛,1,7,16,6,12.70876
容量约束车辆路径问题,16代岛,1,7,16,7,12.70876
容量约束车辆路径问题,16代岛,1,7,16,8,12.677
容量约束车辆路径问题,16代岛,1,7,16,9,12.60974
容量约束车辆路径问题,16代岛,1,7,16,10,12.60974
容量约束车辆路径问题,16代岛,1,7,16,11,12.60974
容量约束车辆路径问题,16代岛,1,7,16,12,12.4651
容量约束车辆路径问题,16代岛,1,7,16,13,12.4651
容量约束车辆路径问题,16代岛,1,7,16,14,12.4651
容量约束车辆路径问题,16代岛,1,7,16,15,12.4651
容量约束车辆路径问题,16代岛,1,7,16,16,12.35639
旅行商问题,16代岛,1,1,16,0,6.27967
旅行商问题,16代岛,1,1,16,1,6.27967
旅行商问题,16代岛,1,1,16,2,6.27967
旅行商问题,16代岛,1,1,16,3,6.27967
旅行商问题,16代岛,1,1,16,4,6.27967
旅行商问题,16代岛,1,1,16,5,6.27967
旅行商问题,16代岛,1,1,16,6,6.27967
旅行商问题,16代岛,1,1,16,7,6.14748
旅行商问题,16代岛,1,1,16,8,6.14748
旅行商问题,16代岛,1,1,16,9,6.14748
旅行商问题,16代岛,1,1,16,10,6.14748
旅行商问题,16代岛,1,1,16,11,6.14748
旅行商问题,16代岛,1,1,16,12,6.14748
旅行商问题,16代岛,1,1,16,13,6.14748
旅行商问题,16代岛,1,1,16,14,6.14748
旅行商问题,16代岛,1,1,16,15,6.14748
旅行商问题,16代岛,1,1,16,16,6.14748
旅行商问题,16代岛,1,2,16,0,6.59343
旅行商问题,16代岛,1,2,16,1,6.59343
旅行商问题,16代岛,1,2,16,2,6.59343
旅行商问题,16代岛,1,2,16,3,6.29829
旅行商问题,16代岛,1,2,16,4,6.29829
旅行商问题,16代岛,1,2,16,5,6.29829
旅行商问题,16代岛,1,2,16,6,6.29829
旅行商问题,16代岛,1,2,16,7,6.29829
旅行商问题,16代岛,1,2,16,8,6.29829
旅行商问题,16代岛,1,2,16,9,6.29829
旅行商问题,16代岛,1,2,16,10,6.29829
旅行商问题,16代岛,1,2,16,11,6.29829
旅行商问题,16代岛,1,2,16,12,6.29829
旅行商问题,16代岛,1,2,16,13,6.29829
旅行商问题,16代岛,1,2,16,14,6.29829
旅行商问题,16代岛,1,2,16,15,6.29829
旅行商问题,16代岛,1,2,16,16,6.29829
旅行商问题,16代岛,1,3,16,0,6.69381
旅行商问题,16代岛,1,3,16,1,6.69381
旅行商问题,16代岛,1,3,16,2,6.58708
旅行商问题,16代岛,1,3,16,3,6.52668
旅行商问题,16代岛,1,3,16,4,6.52668
旅行商问题,16代岛,1,3,16,5,6.50822
旅行商问题,16代岛,1,3,16,6,6.50822
旅行商问题,16代岛,1,3,16,7,6.42594
旅行商问题,16代岛,1,3,16,8,6.42594
旅行商问题,16代岛,1,3,16,9,6.37487
旅行商问题,16代岛,1,3,16,10,6.37487
旅行商问题,16代岛,1,3,16,11,6.14618
旅行商问题,16代岛,1,3,16,12,6.14618
旅行商问题,16代岛,1,3,16,13,6.14618
旅行商问题,16代岛,1,3,16,14,6.14618
旅行商问题,16代岛,1,3,16,15,6.14618
旅行商问题,16代岛,1,3,16,16,6.14618
旅行商问题,16代岛,1,4,16,0,6.53576
旅行商问题,16代岛,1,4,16,1,6.53576
旅行商问题,16代岛,1,4,16,2,6.53576
旅行商问题,16代岛,1,4,16,3,6.53576
旅行商问题,16代岛,1,4,16,4,6.53576
旅行商问题,16代岛,1,4,16,5,6.31369
旅行商问题,16代岛,1,4,16,6,6.22635
旅行商问题,16代岛,1,4,16,7,6.22635
旅行商问题,16代岛,1,4,16,8,6.22635
旅行商问题,16代岛,1,4,16,9,6.22635
旅行商问题,16代岛,1,4,16,10,6.22635
旅行商问题,16代岛,1,4,16,11,6.22635
旅行商问题,16代岛,1,4,16,12,6.22635
旅行商问题,16代岛,1,4,16,13,6.22635
旅行商问题,16代岛,1,4,16,14,6.22635
旅行商问题,16代岛,1,4,16,15,6.20731
旅行商问题,16代岛,1,4,16,16,6.20731
旅行商问题,16代岛,1,5,16,0,6.71697
旅行商问题,16代岛,1,5,16,1,6.71697
旅行商问题,16代岛,1,5,16,2,6.33682
旅行商问题,16代岛,1,5,16,3,6.33682
旅行商问题,16代岛,1,5,16,4,6.33682
旅行商问题,16代岛,1,5,16,5,6.33682
旅行商问题,16代岛,1,5,16,6,6.33682
旅行商问题,16代岛,1,5,16,7,6.33682
旅行商问题,16代岛,1,5,16,8,6.33682
旅行商问题,16代岛,1,5,16,9,6.33682
旅行商问题,16代岛,1,5,16,10,6.33682
旅行商问题,16代岛,1,5,16,11,6.30295
旅行商问题,16代岛,1,5,16,12,6.30295
旅行商问题,16代岛,1,5,16,13,6.30295
旅行商问题,16代岛,1,5,16,14,6.20173
旅行商问题,16代岛,1,5,16,15,6.20173
旅行商问题,16代岛,1,5,16,16,6.20173
旅行商问题,16代岛,1,6,16,0,7.04335
旅行商问题,16代岛,1,6,16,1,7.04335
旅行商问题,16代岛,1,6,16,2,7.04335
旅行商问题,16代岛,1,6,16,3,7.04335
旅行商问题,16代岛,1,6,16,4,7.04335
旅行商问题,16代岛,1,6,16,5,7.04335
旅行商问题,16代岛,1,6,16,6,6.30341
旅行商问题,16代岛,1,6,16,7,6.30341
旅行商问题,16代岛,1,6,16,8,6.30341
旅行商问题,16代岛,1,6,16,9,6.30341
旅行商问题,16代岛,1,6,16,10,6.30341
旅行商问题,16代岛,1,6,16,11,6.30341
旅行商问题,16代岛,1,6,16,12,6.30341
旅行商问题,16代岛,1,6,16,13,6.30341
旅行商问题,16代岛,1,6,16,14,6.30341
旅行商问题,16代岛,1,6,16,15,6.30341
旅行商问题,16代岛,1,6,16,16,6.30341
在线装箱问题,16代岛,2,1,16,0,0.01036
在线装箱问题,16代岛,2,1,16,1,0.01036
在线装箱问题,16代岛,2,1,16,2,0.01036
在线装箱问题,16代岛,2,1,16,3,0.01036
在线装箱问题,16代岛,2,1,16,4,0.01036
在线装箱问题,16代岛,2,1,16,5,0.01036
在线装箱问题,16代岛,2,1,16,6,0.01036
在线装箱问题,16代岛,2,1,16,7,0.01036
在线装箱问题,16代岛,2,1,16,8,0.01036
在线装箱问题,16代岛,2,1,16,9,0.01036
在线装箱问题,16代岛,2,1,16,10,0.01036
在线装箱问题,16代岛,2,1,16,11,0.01036
在线装箱问题,16代岛,2,1,16,12,0.01036
在线装箱问题,16代岛,2,1,16,13,0.01036
在线装箱问题,16代岛,2,1,16,14,0.01036
在线装箱问题,16代岛,2,1,16,15,0.01036
在线装箱问题,16代岛,2,1,16,16,0.01036
在线装箱问题,16代岛,2,10,16,0,0.03984
在线装箱问题,16代岛,2,10,16,1,0.03984
在线装箱问题,16代岛,2,10,16,2,0.03884
在线装箱问题,16代岛,2,10,16,3,0.03763
在线装箱问题,16代岛,2,10,16,4,0.03763
在线装箱问题,16代岛,2,10,16,5,0.03763
在线装箱问题,16代岛,2,10,16,6,0.03763
在线装箱问题,16代岛,2,10,16,7,0.03763
在线装箱问题,16代岛,2,10,16,8,0.03713
在线装箱问题,16代岛,2,10,16,9,0.03713
在线装箱问题,16代岛,2,10,16,10,0.03713
在线装箱问题,16代岛,2,10,16,11,0.03713
在线装箱问题,16代岛,2,10,16,12,0.03713
在线装箱问题,16代岛,2,10,16,13,0.03713
在线装箱问题,16代岛,2,10,16,14,0.03713
在线装箱问题,16代岛,2,10,16,15,0.03713
在线装箱问题,16代岛,2,10,16,16,0.03713
在线装箱问题,16代岛,2,2,16,0,0.03984
在线装箱问题,16代岛,2,2,16,1,0.03984
在线装箱问题,16代岛,2,2,16,2,0.03984
在线装箱问题,16代岛,2,2,16,3,0.03984
在线装箱问题,16代岛,2,2,16,4,0.03984
在线装箱问题,16代岛,2,2,16,5,0.02032
在线装箱问题,16代岛,2,2,16,6,0.02032
在线装箱问题,16代岛,2,2,16,7,0.02032
在线装箱问题,16代岛,2,2,16,8,0.02032
在线装箱问题,16代岛,2,2,16,9,0.02032
在线装箱问题,16代岛,2,2,16,10,0.02032
在线装箱问题,16代岛,2,2,16,11,0.02032
在线装箱问题,16代岛,2,2,16,12,0.02032
在线装箱问题,16代岛,2,2,16,13,0.02032
在线装箱问题,16代岛,2,2,16,14,0.0167
在线装箱问题,16代岛,2,2,16,15,0.0167
在线装箱问题,16代岛,2,2,16,16,0.0167
在线装箱问题,16代岛,2,3,16,0,0.03964
在线装箱问题,16代岛,2,3,16,1,0.03964
在线装箱问题,16代岛,2,3,16,2,0.03964
在线装箱问题,16代岛,2,3,16,3,0.03964
在线装箱问题,16代岛,2,3,16,4,0.03964
在线装箱问题,16代岛,2,3,16,5,0.03964
在线装箱问题,16代岛,2,3,16,6,0.03964
在线装箱问题,16代岛,2,3,16,7,0.03964
在线装箱问题,16代岛,2,3,16,8,0.03964
在线装箱问题,16代岛,2,3,16,9,0.03964
在线装箱问题,16代岛,2,3,16,10,0.03833
在线装箱问题,16代岛,2,3,16,11,0.03833
在线装箱问题,16代岛,2,3,16,12,0.03833
在线装箱问题,16代岛,2,3,16,13,0.03833
在线装箱问题,16代岛,2,3,16,14,0.03833
在线装箱问题,16代岛,2,3,16,15,0.03532
在线装箱问题,16代岛,2,3,16,16,0.03532
在线装箱问题,16代岛,2,4,16,0,0.03984
在线装箱问题,16代岛,2,4,16,1,0.03984
在线装箱问题,16代岛,2,4,16,2,0.02767
在线装箱问题,16代岛,2,4,16,3,0.02767
在线装箱问题,16代岛,2,4,16,4,0.02767
在线装箱问题,16代岛,2,4,16,5,0.02767
在线装箱问题,16代岛,2,4,16,6,0.02767
在线装箱问题,16代岛,2,4,16,7,0.02767
在线装箱问题,16代岛,2,4,16,8,0.02737
在线装箱问题,16代岛,2,4,16,9,0.02737
在线装箱问题,16代岛,2,4,16,10,0.02737
在线装箱问题,16代岛,2,4,16,11,0.02737
在线装箱问题,16代岛,2,4,16,12,0.01851
在线装箱问题,16代岛,2,4,16,13,0.01851
在线装箱问题,16代岛,2,4,16,14,0.01308
在线装箱问题,16代岛,2,4,16,15,0.01308
在线装箱问题,16代岛,2,4,16,16,0.01308
在线装箱问题,16代岛,2,5,16,0,0.59644
在线装箱问题,16代岛,2,5,16,1,0.59644
在线装箱问题,16代岛,2,5,16,2,0.03984
在线装箱问题,16代岛,2,5,16,3,0.03984
在线装箱问题,16代岛,2,5,16,4,0.03984
在线装箱问题,16代岛,2,5,16,5,0.03984
在线装箱问题,16代岛,2,5,16,6,0.03984
在线装箱问题,16代岛,2,5,16,7,0.03934
在线装箱问题,16代岛,2,5,16,8,0.03934
在线装箱问题,16代岛,2,5,16,9,0.03894
在线装箱问题,16代岛,2,5,16,10,0.03843
在线装箱问题,16代岛,2,5,16,11,0.03843
在线装箱问题,16代岛,2,5,16,12,0.03843
在线装箱问题,16代岛,2,5,16,13,0.03843
在线装箱问题,16代岛,2,5,16,14,0.03833
在线装箱问题,16代岛,2,5,16,15,0.03833
在线装箱问题,16代岛,2,5,16,16,0.03833
在线装箱问题,16代岛,2,6,16,0,0.03984
在线装箱问题,16代岛,2,6,16,1,0.03984
在线装箱问题,16代岛,2,6,16,2,0.03984
在线装箱问题,16代岛,2,6,16,3,0.03391
在线装箱问题,16代岛,2,6,16,4,0.03391
在线装箱问题,16代岛,2,6,16,5,0.03391
在线装箱问题,16代岛,2,6,16,6,0.03049
在线装箱问题,16代岛,2,6,16,7,0.03049
在线装箱问题,16代岛,2,6,16,8,0.03049
在线装箱问题,16代岛,2,6,16,9,0.03049
在线装箱问题,16代岛,2,6,16,10,0.03049
在线装箱问题,16代岛,2,6,16,11,0.03049
在线装箱问题,16代岛,2,6,16,12,0.03049
在线装箱问题,16代岛,2,6,16,13,0.03049
在线装箱问题,16代岛,2,6,16,14,0.03049
在线装箱问题,16代岛,2,6,16,15,0.03049
在线装箱问题,16代岛,2,6,16,16,0.03049
在线装箱问题,16代岛,2,7,16,0,0.03984
在线装箱问题,16代岛,2,7,16,1,0.03984
在线装箱问题,16代岛,2,7,16,2,0.03984
在线装箱问题,16代岛,2,7,16,3,0.03984
在线装箱问题,16代岛,2,7,16,4,0.03984
在线装箱问题,16代岛,2,7,16,5,0.03984
在线装箱问题,16代岛,2,7,16,6,0.03984
在线装箱问题,16代岛,2,7,16,7,0.03984
在线装箱问题,16代岛,2,7,16,8,0.03984
在线装箱问题,16代岛,2,7,16,9,0.03984
在线装箱问题,16代岛,2,7,16,10,0.03984
在线装箱问题,16代岛,2,7,16,11,0.03984
在线装箱问题,16代岛,2,7,16,12,0.03984
在线装箱问题,16代岛,2,7,16,13,0.0328
在线装箱问题,16代岛,2,7,16,14,0.0328
在线装箱问题,16代岛,2,7,16,15,0.0328
在线装箱问题,16代岛,2,7,16,16,0.0328
在线装箱问题,16代岛,2,8,16,0,0.01248
在线装箱问题,16代岛,2,8,16,1,0.01248
在线装箱问题,16代岛,2,8,16,2,0.01248
在线装箱问题,16代岛,2,8,16,3,0.01248
在线装箱问题,16代岛,2,8,16,4,0.01248
在线装箱问题,16代岛,2,8,16,5,0.01248
在线装箱问题,16代岛,2,8,16,6,0.00694
在线装箱问题,16代岛,2,8,16,7,0.00694
在线装箱问题,16代岛,2,8,16,8,0.00694
在线装箱问题,16代岛,2,8,16,9,0.00694
在线装箱问题,16代岛,2,8,16,10,0.00694
在线装箱问题,16代岛,2,8,16,11,0.00694
在线装箱问题,16代岛,2,8,16,12,0.00694
在线装箱问题,16代岛,2,8,16,13,0.00694
在线装箱问题,16代岛,2,8,16,14,0.00694
在线装箱问题,16代岛,2,8,16,15,0.00694
在线装箱问题,16代岛,2,8,16,16,0.00694
在线装箱问题,16代岛,2,9,16,0,0.03984
在线装箱问题,16代岛,2,9,16,1,0.03984
在线装箱问题,16代岛,2,9,16,2,0.03984
在线装箱问题,16代岛,2,9,16,3,0.03984
在线装箱问题,16代岛,2,9,16,4,0.03894
在线装箱问题,16代岛,2,9,16,5,0.03894
在线装箱问题,16代岛,2,9,16,6,0.03894
在线装箱问题,16代岛,2,9,16,7,0.03894
在线装箱问题,16代岛,2,9,16,8,0.03894
在线装箱问题,16代岛,2,9,16,9,0.03884
在线装箱问题,16代岛,2,9,16,10,0.03884
在线装箱问题,16代岛,2,9,16,11,0.03884
在线装箱问题,16代岛,2,9,16,12,0.0321
在线装箱问题,16代岛,2,9,16,13,0.0321
在线装箱问题,16代岛,2,9,16,14,0.0321
在线装箱问题,16代岛,2,9,16,15,0.0321
在线装箱问题,16代岛,2,9,16,16,0.0321
容量约束车辆路径问题,16代岛,2,1,16,0,13.28321
容量约束车辆路径问题,16代岛,2,1,16,1,13.03297
容量约束车辆路径问题,16代岛,2,1,16,2,13.03297
容量约束车辆路径问题,16代岛,2,1,16,3,13.03297
容量约束车辆路径问题,16代岛,2,1,16,4,13.03297
容量约束车辆路径问题,16代岛,2,1,16,5,13.03297
容量约束车辆路径问题,16代岛,2,1,16,6,13.03297
容量约束车辆路径问题,16代岛,2,1,16,7,13.03297
容量约束车辆路径问题,16代岛,2,1,16,8,12.85246
容量约束车辆路径问题,16代岛,2,1,16,9,12.73943
容量约束车辆路径问题,16代岛,2,1,16,10,12.58064
容量约束车辆路径问题,16代岛,2,1,16,11,12.58064
容量约束车辆路径问题,16代岛,2,1,16,12,12.58064
容量约束车辆路径问题,16代岛,2,1,16,13,12.58064
容量约束车辆路径问题,16代岛,2,1,16,14,12.58064
容量约束车辆路径问题,16代岛,2,1,16,15,12.58064
容量约束车辆路径问题,16代岛,2,1,16,16,12.55797
容量约束车辆路径问题,16代岛,2,2,16,0,12.86269
容量约束车辆路径问题,16代岛,2,2,16,1,12.83536
容量约束车辆路径问题,16代岛,2,2,16,2,12.83536
容量约束车辆路径问题,16代岛,2,2,16,3,12.83536
容量约束车辆路径问题,16代岛,2,2,16,4,12.83536
容量约束车辆路径问题,16代岛,2,2,16,5,12.71067
容量约束车辆路径问题,16代岛,2,2,16,6,12.71067
容量约束车辆路径问题,16代岛,2,2,16,7,12.71067
容量约束车辆路径问题,16代岛,2,2,16,8,12.71067
容量约束车辆路径问题,16代岛,2,2,16,9,12.71067
容量约束车辆路径问题,16代岛,2,2,16,10,12.71067
容量约束车辆路径问题,16代岛,2,2,16,11,12.71067
容量约束车辆路径问题,16代岛,2,2,16,12,12.71067
容量约束车辆路径问题,16代岛,2,2,16,13,12.71067
容量约束车辆路径问题,16代岛,2,2,16,14,12.71067
容量约束车辆路径问题,16代岛,2,2,16,15,12.71067
容量约束车辆路径问题,16代岛,2,2,16,16,12.64748
容量约束车辆路径问题,16代岛,2,3,16,0,13.28321
容量约束车辆路径问题,16代岛,2,3,16,1,13.28321
容量约束车辆路径问题,16代岛,2,3,16,2,13.28321
容量约束车辆路径问题,16代岛,2,3,16,3,13.28321
容量约束车辆路径问题,16代岛,2,3,16,4,13.28321
容量约束车辆路径问题,16代岛,2,3,16,5,13.28321
容量约束车辆路径问题,16代岛,2,3,16,6,13.28321
容量约束车辆路径问题,16代岛,2,3,16,7,13.28321
容量约束车辆路径问题,16代岛,2,3,16,8,13.28321
容量约束车辆路径问题,16代岛,2,3,16,9,13.03297
容量约束车辆路径问题,16代岛,2,3,16,10,13.03297
容量约束车辆路径问题,16代岛,2,3,16,11,13.03297
容量约束车辆路径问题,16代岛,2,3,16,12,13.03297
容量约束车辆路径问题,16代岛,2,3,16,13,13.03297
容量约束车辆路径问题,16代岛,2,3,16,14,13.03297
容量约束车辆路径问题,16代岛,2,3,16,15,13.01302
容量约束车辆路径问题,16代岛,2,3,16,16,13.01302
容量约束车辆路径问题,16代岛,2,4,16,0,13.28321
容量约束车辆路径问题,16代岛,2,4,16,1,13.28321
容量约束车辆路径问题,16代岛,2,4,16,2,13.10515
容量约束车辆路径问题,16代岛,2,4,16,3,12.64234
容量约束车辆路径问题,16代岛,2,4,16,4,12.64234
容量约束车辆路径问题,16代岛,2,4,16,5,12.64234
容量约束车辆路径问题,16代岛,2,4,16,6,12.64234
容量约束车辆路径问题,16代岛,2,4,16,7,12.64234
容量约束车辆路径问题,16代岛,2,4,16,8,12.64234
容量约束车辆路径问题,16代岛,2,4,16,9,12.64234
容量约束车辆路径问题,16代岛,2,4,16,10,12.64234
容量约束车辆路径问题,16代岛,2,4,16,11,12.64234
容量约束车辆路径问题,16代岛,2,4,16,12,12.64234
容量约束车辆路径问题,16代岛,2,4,16,13,12.64234
容量约束车辆路径问题,16代岛,2,4,16,14,12.64234
容量约束车辆路径问题,16代岛,2,4,16,15,12.64234
容量约束车辆路径问题,16代岛,2,4,16,16,12.64234
容量约束车辆路径问题,16代岛,2,5,16,0,13.61078
容量约束车辆路径问题,16代岛,2,5,16,1,13.43042
容量约束车辆路径问题,16代岛,2,5,16,2,13.43042
容量约束车辆路径问题,16代岛,2,5,16,3,13.43042
容量约束车辆路径问题,16代岛,2,5,16,4,13.43042
容量约束车辆路径问题,16代岛,2,5,16,5,13.43042
容量约束车辆路径问题,16代岛,2,5,16,6,13.23735
容量约束车辆路径问题,16代岛,2,5,16,7,13.23735
容量约束车辆路径问题,16代岛,2,5,16,8,13.23735
容量约束车辆路径问题,16代岛,2,5,16,9,13.23735
容量约束车辆路径问题,16代岛,2,5,16,10,13.23735
容量约束车辆路径问题,16代岛,2,5,16,11,13.23735
容量约束车辆路径问题,16代岛,2,5,16,12,13.23735
容量约束车辆路径问题,16代岛,2,5,16,13,13.23735
容量约束车辆路径问题,16代岛,2,5,16,14,13.23735
容量约束车辆路径问题,16代岛,2,5,16,15,13.23735
容量约束车辆路径问题,16代岛,2,5,16,16,13.23735
容量约束车辆路径问题,16代岛,2,6,16,0,13.24712
容量约束车辆路径问题,16代岛,2,6,16,1,13.08244
容量约束车辆路径问题,16代岛,2,6,16,2,13.08244
容量约束车辆路径问题,16代岛,2,6,16,3,13.0211
容量约束车辆路径问题,16代岛,2,6,16,4,13.0211
容量约束车辆路径问题,16代岛,2,6,16,5,13.0211
容量约束车辆路径问题,16代岛,2,6,16,6,13.0211
容量约束车辆路径问题,16代岛,2,6,16,7,13.0211
容量约束车辆路径问题,16代岛,2,6,16,8,12.80609
容量约束车辆路径问题,16代岛,2,6,16,9,12.80609
容量约束车辆路径问题,16代岛,2,6,16,10,12.80609
容量约束车辆路径问题,16代岛,2,6,16,11,12.80609
容量约束车辆路径问题,16代岛,2,6,16,12,12.80609
容量约束车辆路径问题,16代岛,2,6,16,13,12.80609
容量约束车辆路径问题,16代岛,2,6,16,14,12.80609
容量约束车辆路径问题,16代岛,2,6,16,15,12.80609
容量约束车辆路径问题,16代岛,2,6,16,16,12.80609
容量约束车辆路径问题,16代岛,2,7,16,0,13.28321
容量约束车辆路径问题,16代岛,2,7,16,1,13.28321
容量约束车辆路径问题,16代岛,2,7,16,2,13.13811
容量约束车辆路径问题,16代岛,2,7,16,3,13.13811
容量约束车辆路径问题,16代岛,2,7,16,4,13.00522
容量约束车辆路径问题,16代岛,2,7,16,5,13.00522
容量约束车辆路径问题,16代岛,2,7,16,6,13.00522
容量约束车辆路径问题,16代岛,2,7,16,7,13.00522
容量约束车辆路径问题,16代岛,2,7,16,8,13.00522
容量约束车辆路径问题,16代岛,2,7,16,9,13.00522
容量约束车辆路径问题,16代岛,2,7,16,10,13.00522
容量约束车辆路径问题,16代岛,2,7,16,11,12.67527
容量约束车辆路径问题,16代岛,2,7,16,12,12.67527
容量约束车辆路径问题,16代岛,2,7,16,13,12.67527
容量约束车辆路径问题,16代岛,2,7,16,14,12.67527
容量约束车辆路径问题,16代岛,2,7,16,15,12.67527
容量约束车辆路径问题,16代岛,2,7,16,16,12.67527
旅行商问题,16代岛,2,1,16,0,6.50414
旅行商问题,16代岛,2,1,16,1,6.50414
旅行商问题,16代岛,2,1,16,2,6.38336
旅行商问题,16代岛,2,1,16,3,6.38336
旅行商问题,16代岛,2,1,16,4,6.38336
旅行商问题,16代岛,2,1,16,5,6.38336
旅行商问题,16代岛,2,1,16,6,6.38336
旅行商问题,16代岛,2,1,16,7,6.38336
旅行商问题,16代岛,2,1,16,8,6.34985
旅行商问题,16代岛,2,1,16,9,6.34985
旅行商问题,16代岛,2,1,16,10,6.34985
旅行商问题,16代岛,2,1,16,11,6.34985
旅行商问题,16代岛,2,1,16,12,6.34985
旅行商问题,16代岛,2,1,16,13,6.34985
旅行商问题,16代岛,2,1,16,14,6.34985
旅行商问题,16代岛,2,1,16,15,6.34985
旅行商问题,16代岛,2,1,16,16,6.34985
旅行商问题,16代岛,2,2,16,0,7.022
旅行商问题,16代岛,2,2,16,1,7.022
旅行商问题,16代岛,2,2,16,2,7.022
旅行商问题,16代岛,2,2,16,3,7.01873
旅行商问题,16代岛,2,2,16,4,6.91087
旅行商问题,16代岛,2,2,16,5,6.60125
旅行商问题,16代岛,2,2,16,6,6.60125
旅行商问题,16代岛,2,2,16,7,6.60125
旅行商问题,16代岛,2,2,16,8,6.60125
旅行商问题,16代岛,2,2,16,9,6.60125
旅行商问题,16代岛,2,2,16,10,6.60125
旅行商问题,16代岛,2,2,16,11,6.60125
旅行商问题,16代岛,2,2,16,12,6.60125
旅行商问题,16代岛,2,2,16,13,6.60125
旅行商问题,16代岛,2,2,16,14,6.40504
旅行商问题,16代岛,2,2,16,15,6.40504
旅行商问题,16代岛,2,2,16,16,6.40504
旅行商问题,16代岛,2,3,16,0,6.58188
旅行商问题,16代岛,2,3,16,1,6.58188
旅行商问题,16代岛,2,3,16,2,6.58188
旅行商问题,16代岛,2,3,16,3,6.58188
旅行商问题,16代岛,2,3,16,4,6.58188
旅行商问题,16代岛,2,3,16,5,6.46899
旅行商问题,16代岛,2,3,16,6,6.40429
旅行商问题,16代岛,2,3,16,7,6.40429
旅行商问题,16代岛,2,3,16,8,6.21155
旅行商问题,16代岛,2,3,16,9,6.21155
旅行商问题,16代岛,2,3,16,10,6.21155
旅行商问题,16代岛,2,3,16,11,6.21155
旅行商问题,16代岛,2,3,16,12,6.19714
旅行商问题,16代岛,2,3,16,13,6.19714
旅行商问题,16代岛,2,3,16,14,6.19714
旅行商问题,16代岛,2,3,16,15,6.19714
旅行商问题,16代岛,2,3,16,16,6.13437
旅行商问题,16代岛,2,4,16,0,6.99144
旅行商问题,16代岛,2,4,16,1,6.99144
旅行商问题,16代岛,2,4,16,2,6.35026
旅行商问题,16代岛,2,4,16,3,6.35026
旅行商问题,16代岛,2,4,16,4,6.20115
旅行商问题,16代岛,2,4,16,5,6.20115
旅行商问题,16代岛,2,4,16,6,6.20115
旅行商问题,16代岛,2,4,16,7,6.20115
旅行商问题,16代岛,2,4,16,8,6.20115
旅行商问题,16代岛,2,4,16,9,6.20115
旅行商问题,16代岛,2,4,16,10,6.20115
旅行商问题,16代岛,2,4,16,11,6.20115
旅行商问题,16代岛,2,4,16,12,6.20115
旅行商问题,16代岛,2,4,16,13,6.20115
旅行商问题,16代岛,2,4,16,14,6.19744
旅行商问题,16代岛,2,4,16,15,6.19744
旅行商问题,16代岛,2,4,16,16,6.19744
旅行商问题,16代岛,2,5,16,0,6.63459
旅行商问题,16代岛,2,5,16,1,6.63459
旅行商问题,16代岛,2,5,16,2,6.30341
旅行商问题,16代岛,2,5,16,3,6.30341
旅行商问题,16代岛,2,5,16,4,6.30341
旅行商问题,16代岛,2,5,16,5,6.30341
旅行商问题,16代岛,2,5,16,6,6.30341
旅行商问题,16代岛,2,5,16,7,6.30341
旅行商问题,16代岛,2,5,16,8,6.30341
旅行商问题,16代岛,2,5,16,9,6.30341
旅行商问题,16代岛,2,5,16,10,6.30341
旅行商问题,16代岛,2,5,16,11,6.30341
旅行商问题,16代岛,2,5,16,12,6.30341
旅行商问题,16代岛,2,5,16,13,6.30341
旅行商问题,16代岛,2,5,16,14,6.30341
旅行商问题,16代岛,2,5,16,15,6.30341
旅行商问题,16代岛,2,5,16,16,6.30341
旅行商问题,16代岛,2,6,16,0,6.671
旅行商问题,16代岛,2,6,16,1,6.5449
旅行商问题,16代岛,2,6,16,2,6.5449
旅行商问题,16代岛,2,6,16,3,6.50725
旅行商问题,16代岛,2,6,16,4,6.50725
旅行商问题,16代岛,2,6,16,5,6.50725
旅行商问题,16代岛,2,6,16,6,6.50725
旅行商问题,16代岛,2,6,16,7,6.50725
旅行商问题,16代岛,2,6,16,8,6.50725
旅行商问题,16代岛,2,6,16,9,6.48573
旅行商问题,16代岛,2,6,16,10,6.48573
旅行商问题,16代岛,2,6,16,11,6.30341
旅行商问题,16代岛,2,6,16,12,6.30341
旅行商问题,16代岛,2,6,16,13,6.30341
旅行商问题,16代岛,2,6,16,14,6.30341
旅行商问题,16代岛,2,6,16,15,6.30341
旅行商问题,16代岛,2,6,16,16,6.30341
在线装箱问题,16代岛,3,1,16,0,0.03894
在线装箱问题,16代岛,3,1,16,1,0.03874
在线装箱问题,16代岛,3,1,16,2,0.03874
在线装箱问题,16代岛,3,1,16,3,0.03874
在线装箱问题,16代岛,3,1,16,4,0.03874
在线装箱问题,16代岛,3,1,16,5,0.03874
在线装箱问题,16代岛,3,1,16,6,0.03874
在线装箱问题,16代岛,3,1,16,7,0.03874
在线装箱问题,16代岛,3,1,16,8,0.03813
在线装箱问题,16代岛,3,1,16,9,0.02485
在线装箱问题,16代岛,3,1,16,10,0.02485
在线装箱问题,16代岛,3,1,16,11,0.02485
在线装箱问题,16代岛,3,1,16,12,0.02485
在线装箱问题,16代岛,3,1,16,13,0.02485
在线装箱问题,16代岛,3,1,16,14,0.02485
在线装箱问题,16代岛,3,1,16,15,0.02485
在线装箱问题,16代岛,3,1,16,16,0.02485
在线装箱问题,16代岛,3,2,16,0,0.03984
在线装箱问题,16代岛,3,2,16,1,0.03984
在线装箱问题,16代岛,3,2,16,2,0.03984
在线装箱问题,16代岛,3,2,16,3,0.03984
在线装箱问题,16代岛,3,2,16,4,0.03984
在线装箱问题,16代岛,3,2,16,5,0.03984
在线装箱问题,16代岛,3,2,16,6,0.03984
在线装箱问题,16代岛,3,2,16,7,0.03974
在线装箱问题,16代岛,3,2,16,8,0.03129
在线装箱问题,16代岛,3,2,16,9,0.03129
在线装箱问题,16代岛,3,2,16,10,0.03129
在线装箱问题,16代岛,3,2,16,11,0.03129
在线装箱问题,16代岛,3,2,16,12,0.03129
在线装箱问题,16代岛,3,2,16,13,0.03129
在线装箱问题,16代岛,3,2,16,14,0.01489
在线装箱问题,16代岛,3,2,16,15,0.01489
在线装箱问题,16代岛,3,2,16,16,0.01489
在线装箱问题,16代岛,3,3,16,0,0.03964
在线装箱问题,16代岛,3,3,16,1,0.03964
在线装箱问题,16代岛,3,3,16,2,0.03964
在线装箱问题,16代岛,3,3,16,3,0.03964
在线装箱问题,16代岛,3,3,16,4,0.03964
在线装箱问题,16代岛,3,3,16,5,0.03964
在线装箱问题,16代岛,3,3,16,6,0.03964
在线装箱问题,16代岛,3,3,16,7,0.03964
在线装箱问题,16代岛,3,3,16,8,0.03964
在线装箱问题,16代岛,3,3,16,9,0.03964
在线装箱问题,16代岛,3,3,16,10,0.03964
在线装箱问题,16代岛,3,3,16,11,0.03964
在线装箱问题,16代岛,3,3,16,12,0.03572
在线装箱问题,16代岛,3,3,16,13,0.03572
在线装箱问题,16代岛,3,3,16,14,0.03572
在线装箱问题,16代岛,3,3,16,15,0.03572
在线装箱问题,16代岛,3,3,16,16,0.03572
在线装箱问题,16代岛,3,4,16,0,0.03984
在线装箱问题,16代岛,3,4,16,1,0.03984
在线装箱问题,16代岛,3,4,16,2,0.03984
在线装箱问题,16代岛,3,4,16,3,0.03984
在线装箱问题,16代岛,3,4,16,4,0.03984
在线装箱问题,16代岛,3,4,16,5,0.03984
在线装箱问题,16代岛,3,4,16,6,0.03984
在线装箱问题,16代岛,3,4,16,7,0.03984
在线装箱问题,16代岛,3,4,16,8,0.03984
在线装箱问题,16代岛,3,4,16,9,0.03914
在线装箱问题,16代岛,3,4,16,10,0.02707
在线装箱问题,16代岛,3,4,16,11,0.02707
在线装箱问题,16代岛,3,4,16,12,0.01036
在线装箱问题,16代岛,3,4,16,13,0.01036
在线装箱问题,16代岛,3,4,16,14,0.01036
在线装箱问题,16代岛,3,4,16,15,0.01036
在线装箱问题,16代岛,3,4,16,16,0.01036
在线装箱问题,16代岛,3,5,16,0,0.04759
在线装箱问题,16代岛,3,5,16,1,0.03944
在线装箱问题,16代岛,3,5,16,2,0.03934
在线装箱问题,16代岛,3,5,16,3,0.03934
在线装箱问题,16代岛,3,5,16,4,0.03934
在线装箱问题,16代岛,3,5,16,5,0.03934
在线装箱问题,16代岛,3,5,16,6,0.03934
在线装箱问题,16代岛,3,5,16,7,0.03934
在线装箱问题,16代岛,3,5,16,8,0.03934
在线装箱问题,16代岛,3,5,16,9,0.03934
在线装箱问题,16代岛,3,5,16,10,0.03934
在线装箱问题,16代岛,3,5,16,11,0.03934
在线装箱问题,16代岛,3,5,16,12,0.03934
在线装箱问题,16代岛,3,5,16,13,0.03934
在线装箱问题,16代岛,3,5,16,14,0.03934
在线装箱问题,16代岛,3,5,16,15,0.03934
在线装箱问题,16代岛,3,5,16,16,0.03934
容量约束车辆路径问题,16代岛,3,1,16,0,13.20222
容量约束车辆路径问题,16代岛,3,1,16,1,13.20222
容量约束车辆路径问题,16代岛,3,1,16,2,13.20222
容量约束车辆路径问题,16代岛,3,1,16,3,13.03297
容量约束车辆路径问题,16代岛,3,1,16,4,13.03297
容量约束车辆路径问题,16代岛,3,1,16,5,13.03297
容量约束车辆路径问题,16代岛,3,1,16,6,13.03297
容量约束车辆路径问题,16代岛,3,1,16,7,13.03297
容量约束车辆路径问题,16代岛,3,1,16,8,13.03297
容量约束车辆路径问题,16代岛,3,1,16,9,13.03297
容量约束车辆路径问题,16代岛,3,1,16,10,13.03297
容量约束车辆路径问题,16代岛,3,1,16,11,13.03297
容量约束车辆路径问题,16代岛,3,1,16,12,13.03297
容量约束车辆路径问题,16代岛,3,1,16,13,13.03297
容量约束车辆路径问题,16代岛,3,1,16,14,12.90758
容量约束车辆路径问题,16代岛,3,1,16,15,12.90758
容量约束车辆路径问题,16代岛,3,1,16,16,12.86269
容量约束车辆路径问题,16代岛,3,10,16,0,13.03297
容量约束车辆路径问题,16代岛,3,10,16,1,13.03297
容量约束车辆路径问题,16代岛,3,10,16,2,13.03297
容量约束车辆路径问题,16代岛,3,10,16,3,13.03297
容量约束车辆路径问题,16代岛,3,10,16,4,12.85669
容量约束车辆路径问题,16代岛,3,10,16,5,12.85669
容量约束车辆路径问题,16代岛,3,10,16,6,12.85669
容量约束车辆路径问题,16代岛,3,10,16,7,12.85669
容量约束车辆路径问题,16代岛,3,10,16,8,12.85669
容量约束车辆路径问题,16代岛,3,10,16,9,12.85669
容量约束车辆路径问题,16代岛,3,10,16,10,12.85669
容量约束车辆路径问题,16代岛,3,10,16,11,12.70723
容量约束车辆路径问题,16代岛,3,10,16,12,12.70723
容量约束车辆路径问题,16代岛,3,10,16,13,12.70723
容量约束车辆路径问题,16代岛,3,10,16,14,12.70723
容量约束车辆路径问题,16代岛,3,10,16,15,12.70723
容量约束车辆路径问题,16代岛,3,10,16,16,12.70723
容量约束车辆路径问题,16代岛,3,2,16,0,13.03297
容量约束车辆路径问题,16代岛,3,2,16,1,13.03297
容量约束车辆路径问题,16代岛,3,2,16,2,13.03297
容量约束车辆路径问题,16代岛,3,2,16,3,12.73743
容量约束车辆路径问题,16代岛,3,2,16,4,12.73743
容量约束车辆路径问题,16代岛,3,2,16,5,12.73743
容量约束车辆路径问题,16代岛,3,2,16,6,12.73743
容量约束车辆路径问题,16代岛,3,2,16,7,12.73743
容量约束车辆路径问题,16代岛,3,2,16,8,12.73743
容量约束车辆路径问题,16代岛,3,2,16,9,12.73743
容量约束车辆路径问题,16代岛,3,2,16,10,12.73743
容量约束车辆路径问题,16代岛,3,2,16,11,12.73743
容量约束车辆路径问题,16代岛,3,2,16,12,12.73743
容量约束车辆路径问题,16代岛,3,2,16,13,12.73743
容量约束车辆路径问题,16代岛,3,2,16,14,12.73743
容量约束车辆路径问题,16代岛,3,2,16,15,12.73743
容量约束车辆路径问题,16代岛,3,2,16,16,12.73743
容量约束车辆路径问题,16代岛,3,3,16,0,13.56371
容量约束车辆路径问题,16代岛,3,3,16,1,13.55481
容量约束车辆路径问题,16代岛,3,3,16,2,13.48689
容量约束车辆路径问题,16代岛,3,3,16,3,13.48689
容量约束车辆路径问题,16代岛,3,3,16,4,13.48689
容量约束车辆路径问题,16代岛,3,3,16,5,13.45214
容量约束车辆路径问题,16代岛,3,3,16,6,13.39938
容量约束车辆路径问题,16代岛,3,3,16,7,13.24706
容量约束车辆路径问题,16代岛,3,3,16,8,13.24706
容量约束车辆路径问题,16代岛,3,3,16,9,13.24706
容量约束车辆路径问题,16代岛,3,3,16,10,13.24706
容量约束车辆路径问题,16代岛,3,3,16,11,13.24706
容量约束车辆路径问题,16代岛,3,3,16,12,13.1333
容量约束车辆路径问题,16代岛,3,3,16,13,13.1333
容量约束车辆路径问题,16代岛,3,3,16,14,13.1333
容量约束车辆路径问题,16代岛,3,3,16,15,13.1333
容量约束车辆路径问题,16代岛,3,3,16,16,13.1333
容量约束车辆路径问题,16代岛,3,4,16,0,13.28321
容量约束车辆路径问题,16代岛,3,4,16,1,13.23646
容量约束车辆路径问题,16代岛,3,4,16,2,13.23646
容量约束车辆路径问题,16代岛,3,4,16,3,13.23646
容量约束车辆路径问题,16代岛,3,4,16,4,13.23646
容量约束车辆路径问题,16代岛,3,4,16,5,13.23646
容量约束车辆路径问题,16代岛,3,4,16,6,13.23646
容量约束车辆路径问题,16代岛,3,4,16,7,13.23646
容量约束车辆路径问题,16代岛,3,4,16,8,13.23646
容量约束车辆路径问题,16代岛,3,4,16,9,13.23646
容量约束车辆路径问题,16代岛,3,4,16,10,13.23646
容量约束车辆路径问题,16代岛,3,4,16,11,13.23646
容量约束车辆路径问题,16代岛,3,4,16,12,12.99371
容量约束车辆路径问题,16代岛,3,4,16,13,12.99371
容量约束车辆路径问题,16代岛,3,4,16,14,12.99371
容量约束车辆路径问题,16代岛,3,4,16,15,12.99371
容量约束车辆路径问题,16代岛,3,4,16,16,12.99371
容量约束车辆路径问题,16代岛,3,5,16,0,13.28321
容量约束车辆路径问题,16代岛,3,5,16,1,13.28321
容量约束车辆路径问题,16代岛,3,5,16,2,13.28321
容量约束车辆路径问题,16代岛,3,5,16,3,13.20242
容量约束车辆路径问题,16代岛,3,5,16,4,13.20242
容量约束车辆路径问题,16代岛,3,5,16,5,12.829
容量约束车辆路径问题,16代岛,3,5,16,6,12.829
容量约束车辆路径问题,16代岛,3,5,16,7,12.829
容量约束车辆路径问题,16代岛,3,5,16,8,12.829
容量约束车辆路径问题,16代岛,3,5,16,9,12.829
容量约束车辆路径问题,16代岛,3,5,16,10,12.829
容量约束车辆路径问题,16代岛,3,5,16,11,12.829
容量约束车辆路径问题,16代岛,3,5,16,12,12.829
容量约束车辆路径问题,16代岛,3,5,16,13,12.829
容量约束车辆路径问题,16代岛,3,5,16,14,12.829
容量约束车辆路径问题,16代岛,3,5,16,15,12.81868
容量约束车辆路径问题,16代岛,3,5,16,16,12.72575
容量约束车辆路径问题,16代岛,3,6,16,0,13.28321
容量约束车辆路径问题,16代岛,3,6,16,1,13.28321
容量约束车辆路径问题,16代岛,3,6,16,2,13.28321
容量约束车辆路径问题,16代岛,3,6,16,3,13.28321
容量约束车辆路径问题,16代岛,3,6,16,4,13.28321
容量约束车辆路径问题,16代岛,3,6,16,5,13.28321
容量约束车辆路径问题,16代岛,3,6,16,6,13.23646
容量约束车辆路径问题,16代岛,3,6,16,7,13.23646
容量约束车辆路径问题,16代岛,3,6,16,8,13.23646
容量约束车辆路径问题,16代岛,3,6,16,9,13.17046
容量约束车辆路径问题,16代岛,3,6,16,10,13.17046
容量约束车辆路径问题,16代岛,3,6,16,11,13.03297
容量约束车辆路径问题,16代岛,3,6,16,12,12.88037
容量约束车辆路径问题,16代岛,3,6,16,13,12.88037
容量约束车辆路径问题,16代岛,3,6,16,14,12.88037
容量约束车辆路径问题,16代岛,3,6,16,15,12.88037
容量约束车辆路径问题,16代岛,3,6,16,16,12.88037
容量约束车辆路径问题,16代岛,3,7,16,0,13.56371
容量约束车辆路径问题,16代岛,3,7,16,1,13.56371
容量约束车辆路径问题,16代岛,3,7,16,2,13.56371
容量约束车辆路径问题,16代岛,3,7,16,3,13.43042
容量约束车辆路径问题,16代岛,3,7,16,4,13.43042
容量约束车辆路径问题,16代岛,3,7,16,5,13.43042
容量约束车辆路径问题,16代岛,3,7,16,6,13.43042
容量约束车辆路径问题,16代岛,3,7,16,7,13.38387
容量约束车辆路径问题,16代岛,3,7,16,8,13.38387
容量约束车辆路径问题,16代岛,3,7,16,9,13.38387
容量约束车辆路径问题,16代岛,3,7,16,10,13.38387
容量约束车辆路径问题,16代岛,3,7,16,11,13.31733
容量约束车辆路径问题,16代岛,3,7,16,12,13.31733
容量约束车辆路径问题,16代岛,3,7,16,13,13.31733
容量约束车辆路径问题,16代岛,3,7,16,14,13.31733
容量约束车辆路径问题,16代岛,3,7,16,15,13.31733
容量约束车辆路径问题,16代岛,3,7,16,16,13.31733
容量约束车辆路径问题,16代岛,3,8,16,0,12.71318
容量约束车辆路径问题,16代岛,3,8,16,1,12.71318
容量约束车辆路径问题,16代岛,3,8,16,2,12.71318
容量约束车辆路径问题,16代岛,3,8,16,3,12.71318
容量约束车辆路径问题,16代岛,3,8,16,4,12.71318
容量约束车辆路径问题,16代岛,3,8,16,5,12.71318
容量约束车辆路径问题,16代岛,3,8,16,6,12.71318
容量约束车辆路径问题,16代岛,3,8,16,7,12.71318
容量约束车辆路径问题,16代岛,3,8,16,8,12.71318
容量约束车辆路径问题,16代岛,3,8,16,9,12.71318
容量约束车辆路径问题,16代岛,3,8,16,10,12.71318
容量约束车辆路径问题,16代岛,3,8,16,11,12.71318
容量约束车辆路径问题,16代岛,3,8,16,12,12.71318
容量约束车辆路径问题,16代岛,3,8,16,13,12.71318
容量约束车辆路径问题,16代岛,3,8,16,14,12.71318
容量约束车辆路径问题,16代岛,3,8,16,15,12.71318
容量约束车辆路径问题,16代岛,3,8,16,16,12.71318
容量约束车辆路径问题,16代岛,3,9,16,0,13.28321
容量约束车辆路径问题,16代岛,3,9,16,1,12.90758
容量约束车辆路径问题,16代岛,3,9,16,2,12.90758
容量约束车辆路径问题,16代岛,3,9,16,3,12.90758
容量约束车辆路径问题,16代岛,3,9,16,4,12.90758
容量约束车辆路径问题,16代岛,3,9,16,5,12.87359
容量约束车辆路径问题,16代岛,3,9,16,6,12.87359
容量约束车辆路径问题,16代岛,3,9,16,7,12.87359
容量约束车辆路径问题,16代岛,3,9,16,8,12.87359
容量约束车辆路径问题,16代岛,3,9,16,9,12.83967
容量约束车辆路径问题,16代岛,3,9,16,10,12.83967
容量约束车辆路径问题,16代岛,3,9,16,11,12.83967
容量约束车辆路径问题,16代岛,3,9,16,12,12.83967
容量约束车辆路径问题,16代岛,3,9,16,13,12.83967
容量约束车辆路径问题,16代岛,3,9,16,14,12.83967
容量约束车辆路径问题,16代岛,3,9,16,15,12.83967
容量约束车辆路径问题,16代岛,3,9,16,16,12.83967
旅行商问题,16代岛,3,1,16,0,6.5246
旅行商问题,16代岛,3,1,16,1,6.27937
旅行商问题,16代岛,3,1,16,2,6.27215
旅行商问题,16代岛,3,1,16,3,6.27215
旅行商问题,16代岛,3,1,16,4,6.27215
旅行商问题,16代岛,3,1,16,5,6.27215
旅行商问题,16代岛,3,1,16,6,6.27215
旅行商问题,16代岛,3,1,16,7,6.27215
旅行商问题,16代岛,3,1,16,8,6.27215
旅行商问题,16代岛,3,1,16,9,6.10999
旅行商问题,16代岛,3,1,16,10,6.10999
旅行商问题,16代岛,3,1,16,11,6.10999
旅行商问题,16代岛,3,1,16,12,6.10999
旅行商问题,16代岛,3,1,16,13,6.10999
旅行商问题,16代岛,3,1,16,14,6.10999
旅行商问题,16代岛,3,1,16,15,6.10999
旅行商问题,16代岛,3,1,16,16,6.10999
旅行商问题,16代岛,3,10,16,0,6.16321
旅行商问题,16代岛,3,10,16,1,6.16321
旅行商问题,16代岛,3,10,16,2,6.16321
旅行商问题,16代岛,3,10,16,3,6.16321
旅行商问题,16代岛,3,10,16,4,6.16321
旅行商问题,16代岛,3,10,16,5,6.16321
旅行商问题,16代岛,3,10,16,6,6.16321
旅行商问题,16代岛,3,10,16,7,6.16321
旅行商问题,16代岛,3,10,16,8,6.16321
旅行商问题,16代岛,3,10,16,9,6.16321
旅行商问题,16代岛,3,10,16,10,6.16321
旅行商问题,16代岛,3,10,16,11,6.16321
旅行商问题,16代岛,3,10,16,12,6.16321
旅行商问题,16代岛,3,10,16,13,6.16321
旅行商问题,16代岛,3,10,16,14,6.16321
旅行商问题,16代岛,3,10,16,15,6.16321
旅行商问题,16代岛,3,10,16,16,6.16321
旅行商问题,16代岛,3,2,16,0,6.15265
旅行商问题,16代岛,3,2,16,1,6.15265
旅行商问题,16代岛,3,2,16,2,6.15265
旅行商问题,16代岛,3,2,16,3,6.15265
旅行商问题,16代岛,3,2,16,4,6.15265
旅行商问题,16代岛,3,2,16,5,6.15265
旅行商问题,16代岛,3,2,16,6,6.15265
旅行商问题,16代岛,3,2,16,7,6.15265
旅行商问题,16代岛,3,2,16,8,6.15265
旅行商问题,16代岛,3,2,16,9,6.15265
旅行商问题,16代岛,3,2,16,10,6.15265
旅行商问题,16代岛,3,2,16,11,6.15265
旅行商问题,16代岛,3,2,16,12,6.15265
旅行商问题,16代岛,3,2,16,13,6.15265
旅行商问题,16代岛,3,2,16,14,6.15265
旅行商问题,16代岛,3,2,16,15,6.11049
旅行商问题,16代岛,3,2,16,16,6.11049
旅行商问题,16代岛,3,3,16,0,6.91087
旅行商问题,16代岛,3,3,16,1,6.86197
旅行商问题,16代岛,3,3,16,2,6.86197
旅行商问题,16代岛,3,3,16,3,6.86197
旅行商问题,16代岛,3,3,16,4,6.7415
旅行商问题,16代岛,3,3,16,5,6.16196
旅行商问题,16代岛,3,3,16,6,6.12871
旅行商问题,16代岛,3,3,16,7,6.12871
旅行商问题,16代岛,3,3,16,8,6.12871
旅行商问题,16代岛,3,3,16,9,6.12871
旅行商问题,16代岛,3,3,16,10,6.12871
旅行商问题,16代岛,3,3,16,11,6.12871
旅行商问题,16代岛,3,3,16,12,6.12871
旅行商问题,16代岛,3,3,16,13,6.12871
旅行商问题,16代岛,3,3,16,14,6.12871
旅行商问题,16代岛,3,3,16,15,6.12871
旅行商问题,16代岛,3,3,16,16,6.12871
旅行商问题,16代岛,3,4,16,0,6.18902
旅行商问题,16代岛,3,4,16,1,6.18902
旅行商问题,16代岛,3,4,16,2,6.1705
旅行商问题,16代岛,3,4,16,3,6.1705
旅行商问题,16代岛,3,4,16,4,6.1705
旅行商问题,16代岛,3,4,16,5,6.1705
旅行商问题,16代岛,3,4,16,6,6.1705
旅行商问题,16代岛,3,4,16,7,6.1705
旅行商问题,16代岛,3,4,16,8,6.1705
旅行商问题,16代岛,3,4,16,9,6.1705
旅行商问题,16代岛,3,4,16,10,6.1705
旅行商问题,16代岛,3,4,16,11,6.1705
旅行商问题,16代岛,3,4,16,12,6.1705
旅行商问题,16代岛,3,4,16,13,6.1705
旅行商问题,16代岛,3,4,16,14,6.1705
旅行商问题,16代岛,3,4,16,15,6.1705
旅行商问题,16代岛,3,4,16,16,6.1705
旅行商问题,16代岛,3,5,16,0,6.40106
旅行商问题,16代岛,3,5,16,1,6.40106
旅行商问题,16代岛,3,5,16,2,6.40106
旅行商问题,16代岛,3,5,16,3,6.22839
旅行商问题,16代岛,3,5,16,4,6.22839
旅行商问题,16代岛,3,5,16,5,6.22839
旅行商问题,16代岛,3,5,16,6,6.22839
旅行商问题,16代岛,3,5,16,7,6.22839
旅行商问题,16代岛,3,5,16,8,6.22839
旅行商问题,16代岛,3,5,16,9,6.22839
旅行商问题,16代岛,3,5,16,10,6.22839
旅行商问题,16代岛,3,5,16,11,6.22839
旅行商问题,16代岛,3,5,16,12,6.22839
旅行商问题,16代岛,3,5,16,13,6.22839
旅行商问题,16代岛,3,5,16,14,6.22839
旅行商问题,16代岛,3,5,16,15,6.22839
旅行商问题,16代岛,3,5,16,16,6.20027
旅行商问题,16代岛,3,6,16,0,6.3764
旅行商问题,16代岛,3,6,16,1,6.3764
旅行商问题,16代岛,3,6,16,2,6.3764
旅行商问题,16代岛,3,6,16,3,6.21927
旅行商问题,16代岛,3,6,16,4,6.20621
旅行商问题,16代岛,3,6,16,5,6.20621
旅行商问题,16代岛,3,6,16,6,6.20621
旅行商问题,16代岛,3,6,16,7,6.20621
旅行商问题,16代岛,3,6,16,8,6.20621
旅行商问题,16代岛,3,6,16,9,6.20621
旅行商问题,16代岛,3,6,16,10,6.20621
旅行商问题,16代岛,3,6,16,11,6.20621
旅行商问题,16代岛,3,6,16,12,6.20621
旅行商问题,16代岛,3,6,16,13,6.20621
旅行商问题,16代岛,3,6,16,14,6.20621
旅行商问题,16代岛,3,6,16,15,6.20621
旅行商问题,16代岛,3,6,16,16,6.20621
旅行商问题,16代岛,3,7,16,0,6.21559
旅行商问题,16代岛,3,7,16,1,6.08926
旅行商问题,16代岛,3,7,16,2,6.08926
旅行商问题,16代岛,3,7,16,3,6.08926
旅行商问题,16代岛,3,7,16,4,6.08926
旅行商问题,16代岛,3,7,16,5,6.08926
旅行商问题,16代岛,3,7,16,6,6.08926
旅行商问题,16代岛,3,7,16,7,6.08926
旅行商问题,16代岛,3,7,16,8,6.08926
旅行商问题,16代岛,3,7,16,9,6.08926
旅行商问题,16代岛,3,7,16,10,6.08926
旅行商问题,16代岛,3,7,16,11,6.08926
旅行商问题,16代岛,3,7,16,12,6.08926
旅行商问题,16代岛,3,7,16,13,6.08926
旅行商问题,16代岛,3,7,16,14,6.08926
旅行商问题,16代岛,3,7,16,15,6.08926
旅行商问题,16代岛,3,7,16,16,6.08926
旅行商问题,16代岛,3,8,16,0,6.10636
旅行商问题,16代岛,3,8,16,1,6.10636
旅行商问题,16代岛,3,8,16,2,6.10636
旅行商问题,16代岛,3,8,16,3,6.10636
旅行商问题,16代岛,3,8,16,4,6.10636
旅行商问题,16代岛,3,8,16,5,6.10636
旅行商问题,16代岛,3,8,16,6,6.10636
旅行商问题,16代岛,3,8,16,7,6.10636
旅行商问题,16代岛,3,8,16,8,6.10636
旅行商问题,16代岛,3,8,16,9,6.10636
旅行商问题,16代岛,3,8,16,10,6.10636
旅行商问题,16代岛,3,8,16,11,6.10636
旅行商问题,16代岛,3,8,16,12,6.10636
旅行商问题,16代岛,3,8,16,13,6.10636
旅行商问题,16代岛,3,8,16,14,6.10496
旅行商问题,16代岛,3,8,16,15,6.10496
旅行商问题,16代岛,3,8,16,16,6.10496
旅行商问题,16代岛,3,9,16,0,6.08075
旅行商问题,16代岛,3,9,16,1,6.08075
旅行商问题,16代岛,3,9,16,2,6.08075
旅行商问题,16代岛,3,9,16,3,6.08075
旅行商问题,16代岛,3,9,16,4,6.08075
旅行商问题,16代岛,3,9,16,5,6.08075
旅行商问题,16代岛,3,9,16,6,6.08075
旅行商问题,16代岛,3,9,16,7,6.08075
旅行商问题,16代岛,3,9,16,8,6.08075
旅行商问题,16代岛,3,9,16,9,6.08075
旅行商问题,16代岛,3,9,16,10,6.08075
旅行商问题,16代岛,3,9,16,11,6.08075
旅行商问题,16代岛,3,9,16,12,6.08075
旅行商问题,16代岛,3,9,16,13,6.08075
旅行商问题,16代岛,3,9,16,14,6.08075
旅行商问题,16代岛,3,9,16,15,6.08075
旅行商问题,16代岛,3,9,16,16,6.08075
在线装箱问题,8代岛,1,1,8,0,0.03984
在线装箱问题,8代岛,1,1,8,1,0.03984
在线装箱问题,8代岛,1,1,8,2,0.03984
在线装箱问题,8代岛,1,1,8,3,0.03984
在线装箱问题,8代岛,1,1,8,4,0.03984
在线装箱问题,8代岛,1,1,8,5,0.0171
在线装箱问题,8代岛,1,1,8,6,0.0171
在线装箱问题,8代岛,1,1,8,7,0.0171
在线装箱问题,8代岛,1,1,8,8,0.0171
在线装箱问题,8代岛,1,10,8,0,0.03964
在线装箱问题,8代岛,1,10,8,1,0.03964
在线装箱问题,8代岛,1,10,8,2,0.03964
在线装箱问题,8代岛,1,10,8,3,0.03964
在线装箱问题,8代岛,1,10,8,4,0.03964
在线装箱问题,8代岛,1,10,8,5,0.03964
在线装箱问题,8代岛,1,10,8,6,0.03964
在线装箱问题,8代岛,1,10,8,7,0.03964
在线装箱问题,8代岛,1,10,8,8,0.03954
在线装箱问题,8代岛,1,11,8,0,0.03843
在线装箱问题,8代岛,1,11,8,1,0.03843
在线装箱问题,8代岛,1,11,8,2,0.03079
在线装箱问题,8代岛,1,11,8,3,0.03079
在线装箱问题,8代岛,1,11,8,4,0.03079
在线装箱问题,8代岛,1,11,8,5,0.03079
在线装箱问题,8代岛,1,11,8,6,0.03079
在线装箱问题,8代岛,1,11,8,7,0.03079
在线装箱问题,8代岛,1,11,8,8,0.03079
在线装箱问题,8代岛,1,12,8,0,0.05866
在线装箱问题,8代岛,1,12,8,1,0.03984
在线装箱问题,8代岛,1,12,8,2,0.03984
在线装箱问题,8代岛,1,12,8,3,0.03984
在线装箱问题,8代岛,1,12,8,4,0.01016
在线装箱问题,8代岛,1,12,8,5,0.01016
在线装箱问题,8代岛,1,12,8,6,0.01016
在线装箱问题,8代岛,1,12,8,7,0.01016
在线装箱问题,8代岛,1,12,8,8,0.01016
在线装箱问题,8代岛,1,13,8,0,0.03984
在线装箱问题,8代岛,1,13,8,1,0.03763
在线装箱问题,8代岛,1,13,8,2,0.03763
在线装箱问题,8代岛,1,13,8,3,0.03763
在线装箱问题,8代岛,1,13,8,4,0.03763
在线装箱问题,8代岛,1,13,8,5,0.03763
在线装箱问题,8代岛,1,13,8,6,0.03763
在线装箱问题,8代岛,1,13,8,7,0.03763
在线装箱问题,8代岛,1,13,8,8,0.03763
在线装箱问题,8代岛,1,14,8,0,0.31915
在线装箱问题,8代岛,1,14,8,1,0.03984
在线装箱问题,8代岛,1,14,8,2,0.03984
在线装箱问题,8代岛,1,14,8,3,0.03984
在线装箱问题,8代岛,1,14,8,4,0.03984
在线装箱问题,8代岛,1,14,8,5,0.03984
在线装箱问题,8代岛,1,14,8,6,0.03813
在线装箱问题,8代岛,1,14,8,7,0.03813
在线装箱问题,8代岛,1,14,8,8,0.03813
在线装箱问题,8代岛,1,15,8,0,0.03984
在线装箱问题,8代岛,1,15,8,1,0.03964
在线装箱问题,8代岛,1,15,8,2,0.03964
在线装箱问题,8代岛,1,15,8,3,0.03964
在线装箱问题,8代岛,1,15,8,4,0.03964
在线装箱问题,8代岛,1,15,8,5,0.03703
在线装箱问题,8代岛,1,15,8,6,0.03532
在线装箱问题,8代岛,1,15,8,7,0.03532
在线装箱问题,8代岛,1,15,8,8,0.03532
在线装箱问题,8代岛,1,16,8,0,0.03984
在线装箱问题,8代岛,1,16,8,1,0.03984
在线装箱问题,8代岛,1,16,8,2,0.03984
在线装箱问题,8代岛,1,16,8,3,0.03944
在线装箱问题,8代岛,1,16,8,4,0.03944
在线装箱问题,8代岛,1,16,8,5,0.03944
在线装箱问题,8代岛,1,16,8,6,0.03944
在线装箱问题,8代岛,1,16,8,7,0.03944
在线装箱问题,8代岛,1,16,8,8,0.03763
在线装箱问题,8代岛,1,17,8,0,0.03884
在线装箱问题,8代岛,1,17,8,1,0.03884
在线装箱问题,8代岛,1,17,8,2,0.02385
在线装箱问题,8代岛,1,17,8,3,0.02385
在线装箱问题,8代岛,1,17,8,4,0.02385
在线装箱问题,8代岛,1,17,8,5,0.02385
在线装箱问题,8代岛,1,17,8,6,0.02214
在线装箱问题,8代岛,1,17,8,7,0.01238
在线装箱问题,8代岛,1,17,8,8,0.01238
在线装箱问题,8代岛,1,18,8,0,0.03984
在线装箱问题,8代岛,1,18,8,1,0.03984
在线装箱问题,8代岛,1,18,8,2,0.016
在线装箱问题,8代岛,1,18,8,3,0.016
在线装箱问题,8代岛,1,18,8,4,0.016
在线装箱问题,8代岛,1,18,8,5,0.016
在线装箱问题,8代岛,1,18,8,6,0.016
在线装箱问题,8代岛,1,18,8,7,0.016
在线装箱问题,8代岛,1,18,8,8,0.016
在线装箱问题,8代岛,1,2,8,0,0.03703
在线装箱问题,8代岛,1,2,8,1,0.03703
在线装箱问题,8代岛,1,2,8,2,0.03703
在线装箱问题,8代岛,1,2,8,3,0.03592
在线装箱问题,8代岛,1,2,8,4,0.03592
在线装箱问题,8代岛,1,2,8,5,0.03592
在线装箱问题,8代岛,1,2,8,6,0.03592
在线装箱问题,8代岛,1,2,8,7,0.02888
在线装箱问题,8代岛,1,2,8,8,0.01238
在线装箱问题,8代岛,1,20,8,0,0.03994
在线装箱问题,8代岛,1,20,8,1,0.03984
在线装箱问题,8代岛,1,20,8,2,0.03984
在线装箱问题,8代岛,1,20,8,3,0.03984
在线装箱问题,8代岛,1,20,8,4,0.03813
在线装箱问题,8代岛,1,20,8,5,0.03813
在线装箱问题,8代岛,1,20,8,6,0.03813
在线装箱问题,8代岛,1,20,8,7,0.03813
在线装箱问题,8代岛,1,20,8,8,0.03813
在线装箱问题,8代岛,1,21,8,0,0.03964
在线装箱问题,8代岛,1,21,8,1,0.03964
在线装箱问题,8代岛,1,21,8,2,0.03964
在线装箱问题,8代岛,1,21,8,3,0.03964
在线装箱问题,8代岛,1,21,8,4,0.03964
在线装箱问题,8代岛,1,21,8,5,0.03964
在线装箱问题,8代岛,1,21,8,6,0.00895
在线装箱问题,8代岛,1,21,8,7,0.00895
在线装箱问题,8代岛,1,21,8,8,0.00895
在线装箱问题,8代岛,1,22,8,0,0.03984
在线装箱问题,8代岛,1,22,8,1,0.03984
在线装箱问题,8代岛,1,22,8,2,0.03984
在线装箱问题,8代岛,1,22,8,3,0.03763
在线装箱问题,8代岛,1,22,8,4,0.03763
在线装箱问题,8代岛,1,22,8,5,0.03763
在线装箱问题,8代岛,1,22,8,6,0.03763
在线装箱问题,8代岛,1,22,8,7,0.03763
在线装箱问题,8代岛,1,22,8,8,0.03763
在线装箱问题,8代岛,1,24,8,0,0.03984
在线装箱问题,8代岛,1,24,8,1,0.03984
在线装箱问题,8代岛,1,24,8,2,0.03984
在线装箱问题,8代岛,1,24,8,3,0.02817
在线装箱问题,8代岛,1,24,8,4,0.02817
在线装箱问题,8代岛,1,24,8,5,0.02817
在线装箱问题,8代岛,1,24,8,6,0.02817
在线装箱问题,8代岛,1,24,8,7,0.02817
在线装箱问题,8代岛,1,24,8,8,0.02817
在线装箱问题,8代岛,1,25,8,0,0.03984
在线装箱问题,8代岛,1,25,8,1,0.03984
在线装箱问题,8代岛,1,25,8,2,0.03984
在线装箱问题,8代岛,1,25,8,3,0.03984
在线装箱问题,8代岛,1,25,8,4,0.03984
在线装箱问题,8代岛,1,25,8,5,0.03984
在线装箱问题,8代岛,1,25,8,6,0.03984
在线装箱问题,8代岛,1,25,8,7,0.03944
在线装箱问题,8代岛,1,25,8,8,0.03944
在线装箱问题,8代岛,1,26,8,0,0.03984
在线装箱问题,8代岛,1,26,8,1,0.03984
在线装箱问题,8代岛,1,26,8,2,0.03984
在线装箱问题,8代岛,1,26,8,3,0.03984
在线装箱问题,8代岛,1,26,8,4,0.03984
在线装箱问题,8代岛,1,26,8,5,0.03944
在线装箱问题,8代岛,1,26,8,6,0.03944
在线装箱问题,8代岛,1,26,8,7,0.03944
在线装箱问题,8代岛,1,26,8,8,0.03813
在线装箱问题,8代岛,1,27,8,0,0.02324
在线装箱问题,8代岛,1,27,8,1,0.02324
在线装箱问题,8代岛,1,27,8,2,0.02324
在线装箱问题,8代岛,1,27,8,3,0.02324
在线装箱问题,8代岛,1,27,8,4,0.02324
在线装箱问题,8代岛,1,27,8,5,0.02324
在线装箱问题,8代岛,1,27,8,6,0.02324
在线装箱问题,8代岛,1,27,8,7,0.02324
在线装箱问题,8代岛,1,27,8,8,0.00674
在线装箱问题,8代岛,1,29,8,0,0.03984
在线装箱问题,8代岛,1,29,8,1,0.03984
在线装箱问题,8代岛,1,29,8,2,0.03944
在线装箱问题,8代岛,1,29,8,3,0.03944
在线装箱问题,8代岛,1,29,8,4,0.03944
在线装箱问题,8代岛,1,29,8,5,0.01328
在线装箱问题,8代岛,1,29,8,6,0.01328
在线装箱问题,8代岛,1,29,8,7,0.01328
在线装箱问题,8代岛,1,29,8,8,0.01328
在线装箱问题,8代岛,1,3,8,0,0.01056
在线装箱问题,8代岛,1,3,8,1,0.01056
在线装箱问题,8代岛,1,3,8,2,0.01056
在线装箱问题,8代岛,1,3,8,3,0.01056
在线装箱问题,8代岛,1,3,8,4,0.01056
在线装箱问题,8代岛,1,3,8,5,0.01056
在线装箱问题,8代岛,1,3,8,6,0.01056
在线装箱问题,8代岛,1,3,8,7,0.01056
在线装箱问题,8代岛,1,3,8,8,0.01056
在线装箱问题,8代岛,1,30,8,0,0.04095
在线装箱问题,8代岛,1,30,8,1,0.03803
在线装箱问题,8代岛,1,30,8,2,0.03803
在线装箱问题,8代岛,1,30,8,3,0.03803
在线装箱问题,8代岛,1,30,8,4,0.03803
在线装箱问题,8代岛,1,30,8,5,0.03803
在线装箱问题,8代岛,1,30,8,6,0.03803
在线装箱问题,8代岛,1,30,8,7,0.03803
在线装箱问题,8代岛,1,30,8,8,0.03803
在线装箱问题,8代岛,1,4,8,0,0.03984
在线装箱问题,8代岛,1,4,8,1,0.03984
在线装箱问题,8代岛,1,4,8,2,0.03984
在线装箱问题,8代岛,1,4,8,3,0.03833
在线装箱问题,8代岛,1,4,8,4,0.03833
在线装箱问题,8代岛,1,4,8,5,0.03833
在线装箱问题,8代岛,1,4,8,6,0.03833
在线装箱问题,8代岛,1,4,8,7,0.03833
在线装箱问题,8代岛,1,4,8,8,0.03833
在线装箱问题,8代岛,1,5,8,0,0.03874
在线装箱问题,8代岛,1,5,8,1,0.03874
在线装箱问题,8代岛,1,5,8,2,0.03602
在线装箱问题,8代岛,1,5,8,3,0.03602
在线装箱问题,8代岛,1,5,8,4,0.00845
在线装箱问题,8代岛,1,5,8,5,0.00845
在线装箱问题,8代岛,1,5,8,6,0.00845
在线装箱问题,8代岛,1,5,8,7,0.00845
在线装箱问题,8代岛,1,5,8,8,0.00845
在线装箱问题,8代岛,1,6,8,0,0.03984
在线装箱问题,8代岛,1,6,8,1,0.03984
在线装箱问题,8代岛,1,6,8,2,0.03984
在线装箱问题,8代岛,1,6,8,3,0.03984
在线装箱问题,8代岛,1,6,8,4,0.03984
在线装箱问题,8代岛,1,6,8,5,0.03984
在线装箱问题,8代岛,1,6,8,6,0.03984
在线装箱问题,8代岛,1,6,8,7,0.03984
在线装箱问题,8代岛,1,6,8,8,0.03783
在线装箱问题,8代岛,1,7,8,0,0.03179
在线装箱问题,8代岛,1,7,8,1,0.03179
在线装箱问题,8代岛,1,7,8,2,0.03179
在线装箱问题,8代岛,1,7,8,3,0.03179
在线装箱问题,8代岛,1,7,8,4,0.03179
在线装箱问题,8代岛,1,7,8,5,0.03179
在线装箱问题,8代岛,1,7,8,6,0.03179
在线装箱问题,8代岛,1,7,8,7,0.03179
在线装箱问题,8代岛,1,7,8,8,0.03179
在线装箱问题,8代岛,1,8,8,0,0.03984
在线装箱问题,8代岛,1,8,8,1,0.03984
在线装箱问题,8代岛,1,8,8,2,0.03984
在线装箱问题,8代岛,1,8,8,3,0.03984
在线装箱问题,8代岛,1,8,8,4,0.03984
在线装箱问题,8代岛,1,8,8,5,0.03984
在线装箱问题,8代岛,1,8,8,6,0.03984
在线装箱问题,8代岛,1,8,8,7,0.03984
在线装箱问题,8代岛,1,8,8,8,0.03763
在线装箱问题,8代岛,1,9,8,0,0.03984
在线装箱问题,8代岛,1,9,8,1,0.03984
在线装箱问题,8代岛,1,9,8,2,0.03984
在线装箱问题,8代岛,1,9,8,3,0.03984
在线装箱问题,8代岛,1,9,8,4,0.03984
在线装箱问题,8代岛,1,9,8,5,0.03984
在线装箱问题,8代岛,1,9,8,6,0.03984
在线装箱问题,8代岛,1,9,8,7,0.03984
在线装箱问题,8代岛,1,9,8,8,0.03974
容量约束车辆路径问题,8代岛,1,1,8,0,13.28321
容量约束车辆路径问题,8代岛,1,1,8,1,13.08244
容量约束车辆路径问题,8代岛,1,1,8,2,13.08244
容量约束车辆路径问题,8代岛,1,1,8,3,13.07586
容量约束车辆路径问题,8代岛,1,1,8,4,13.07586
容量约束车辆路径问题,8代岛,1,1,8,5,12.97733
容量约束车辆路径问题,8代岛,1,1,8,6,12.87808
容量约束车辆路径问题,8代岛,1,1,8,7,12.73743
容量约束车辆路径问题,8代岛,1,1,8,8,12.73743
容量约束车辆路径问题,8代岛,1,10,8,0,13.19814
容量约束车辆路径问题,8代岛,1,10,8,1,13.19814
容量约束车辆路径问题,8代岛,1,10,8,2,12.74078
容量约束车辆路径问题,8代岛,1,10,8,3,12.74078
容量约束车辆路径问题,8代岛,1,10,8,4,12.74078
容量约束车辆路径问题,8代岛,1,10,8,5,12.74078
容量约束车辆路径问题,8代岛,1,10,8,6,12.74078
容量约束车辆路径问题,8代岛,1,10,8,7,12.74078
容量约束车辆路径问题,8代岛,1,10,8,8,12.74078
容量约束车辆路径问题,8代岛,1,11,8,0,13.17555
容量约束车辆路径问题,8代岛,1,11,8,1,13.17555
容量约束车辆路径问题,8代岛,1,11,8,2,13.03297
容量约束车辆路径问题,8代岛,1,11,8,3,13.03297
容量约束车辆路径问题,8代岛,1,11,8,4,13.03297
容量约束车辆路径问题,8代岛,1,11,8,5,12.90758
容量约束车辆路径问题,8代岛,1,11,8,6,12.90758
容量约束车辆路径问题,8代岛,1,11,8,7,12.54458
容量约束车辆路径问题,8代岛,1,11,8,8,12.54458
容量约束车辆路径问题,8代岛,1,12,8,0,12.87913
容量约束车辆路径问题,8代岛,1,12,8,1,12.87913
容量约束车辆路径问题,8代岛,1,12,8,2,12.87913
容量约束车辆路径问题,8代岛,1,12,8,3,12.87808
容量约束车辆路径问题,8代岛,1,12,8,4,12.87808
容量约束车辆路径问题,8代岛,1,12,8,5,12.87808
容量约束车辆路径问题,8代岛,1,12,8,6,12.87808
容量约束车辆路径问题,8代岛,1,12,8,7,12.87808
容量约束车辆路径问题,8代岛,1,12,8,8,12.87808
容量约束车辆路径问题,8代岛,1,13,8,0,13.28321
容量约束车辆路径问题,8代岛,1,13,8,1,13.28321
容量约束车辆路径问题,8代岛,1,13,8,2,13.03297
容量约束车辆路径问题,8代岛,1,13,8,3,13.03297
容量约束车辆路径问题,8代岛,1,13,8,4,12.71318
容量约束车辆路径问题,8代岛,1,13,8,5,12.71318
容量约束车辆路径问题,8代岛,1,13,8,6,12.71318
容量约束车辆路径问题,8代岛,1,13,8,7,12.71318
容量约束车辆路径问题,8代岛,1,13,8,8,12.71318
容量约束车辆路径问题,8代岛,1,14,8,0,12.83991
容量约束车辆路径问题,8代岛,1,14,8,1,12.83991
容量约束车辆路径问题,8代岛,1,14,8,2,12.83991
容量约束车辆路径问题,8代岛,1,14,8,3,12.83991
容量约束车辆路径问题,8代岛,1,14,8,4,12.83991
容量约束车辆路径问题,8代岛,1,14,8,5,12.83991
容量约束车辆路径问题,8代岛,1,14,8,6,12.83991
容量约束车辆路径问题,8代岛,1,14,8,7,12.75847
容量约束车辆路径问题,8代岛,1,14,8,8,12.75847
容量约束车辆路径问题,8代岛,1,15,8,0,12.86269
容量约束车辆路径问题,8代岛,1,15,8,1,12.86269
容量约束车辆路径问题,8代岛,1,15,8,2,12.86269
容量约束车辆路径问题,8代岛,1,15,8,3,12.86269
容量约束车辆路径问题,8代岛,1,15,8,4,12.77346
容量约束车辆路径问题,8代岛,1,15,8,5,12.77346
容量约束车辆路径问题,8代岛,1,15,8,6,12.77346
容量约束车辆路径问题,8代岛,1,15,8,7,12.77346
容量约束车辆路径问题,8代岛,1,15,8,8,12.77346
容量约束车辆路径问题,8代岛,1,16,8,0,13.28321
容量约束车辆路径问题,8代岛,1,16,8,1,12.7739
容量约束车辆路径问题,8代岛,1,16,8,2,12.7739
容量约束车辆路径问题,8代岛,1,16,8,3,12.7739
容量约束车辆路径问题,8代岛,1,16,8,4,12.7739
容量约束车辆路径问题,8代岛,1,16,8,5,12.75114
容量约束车辆路径问题,8代岛,1,16,8,6,12.75114
容量约束车辆路径问题,8代岛,1,16,8,7,12.75114
容量约束车辆路径问题,8代岛,1,16,8,8,12.75114
容量约束车辆路径问题,8代岛,1,17,8,0,13.28321
容量约束车辆路径问题,8代岛,1,17,8,1,13.08617
容量约束车辆路径问题,8代岛,1,17,8,2,13.08617
容量约束车辆路径问题,8代岛,1,17,8,3,13.08617
容量约束车辆路径问题,8代岛,1,17,8,4,13.08617
容量约束车辆路径问题,8代岛,1,17,8,5,13.03297
容量约束车辆路径问题,8代岛,1,17,8,6,13.03297
容量约束车辆路径问题,8代岛,1,17,8,7,13.03297
容量约束车辆路径问题,8代岛,1,17,8,8,13.03297
容量约束车辆路径问题,8代岛,1,18,8,0,12.86269
容量约束车辆路径问题,8代岛,1,18,8,1,12.86269
容量约束车辆路径问题,8代岛,1,18,8,2,12.86269
容量约束车辆路径问题,8代岛,1,18,8,3,12.86269
容量约束车辆路径问题,8代岛,1,18,8,4,12.86269
容量约束车辆路径问题,8代岛,1,18,8,5,12.86269
容量约束车辆路径问题,8代岛,1,18,8,6,12.86269
容量约束车辆路径问题,8代岛,1,18,8,7,12.86269
容量约束车辆路径问题,8代岛,1,18,8,8,12.61163
容量约束车辆路径问题,8代岛,1,19,8,0,13.28321
容量约束车辆路径问题,8代岛,1,19,8,1,13.03297
容量约束车辆路径问题,8代岛,1,19,8,2,12.85665
容量约束车辆路径问题,8代岛,1,19,8,3,12.85665
容量约束车辆路径问题,8代岛,1,19,8,4,12.85665
容量约束车辆路径问题,8代岛,1,19,8,5,12.85665
容量约束车辆路径问题,8代岛,1,19,8,6,12.85665
容量约束车辆路径问题,8代岛,1,19,8,7,12.85665
容量约束车辆路径问题,8代岛,1,19,8,8,12.85665
容量约束车辆路径问题,8代岛,1,2,8,0,13.28321
容量约束车辆路径问题,8代岛,1,2,8,1,13.05111
容量约束车辆路径问题,8代岛,1,2,8,2,12.99117
容量约束车辆路径问题,8代岛,1,2,8,3,12.99117
容量约束车辆路径问题,8代岛,1,2,8,4,12.99117
容量约束车辆路径问题,8代岛,1,2,8,5,12.99117
容量约束车辆路径问题,8代岛,1,2,8,6,12.99117
容量约束车辆路径问题,8代岛,1,2,8,7,12.60061
容量约束车辆路径问题,8代岛,1,2,8,8,12.60061
容量约束车辆路径问题,8代岛,1,20,8,0,13.27381
容量约束车辆路径问题,8代岛,1,20,8,1,13.27381
容量约束车辆路径问题,8代岛,1,20,8,2,13.27381
容量约束车辆路径问题,8代岛,1,20,8,3,13.27381
容量约束车辆路径问题,8代岛,1,20,8,4,13.27381
容量约束车辆路径问题,8代岛,1,20,8,5,13.23646
容量约束车辆路径问题,8代岛,1,20,8,6,13.23646
容量约束车辆路径问题,8代岛,1,20,8,7,13.23646
容量约束车辆路径问题,8代岛,1,20,8,8,13.23646
容量约束车辆路径问题,8代岛,1,21,8,0,13.56371
容量约束车辆路径问题,8代岛,1,21,8,1,13.56371
容量约束车辆路径问题,8代岛,1,21,8,2,13.56371
容量约束车辆路径问题,8代岛,1,21,8,3,13.56371
容量约束车辆路径问题,8代岛,1,21,8,4,13.56371
容量约束车辆路径问题,8代岛,1,21,8,5,13.56371
容量约束车辆路径问题,8代岛,1,21,8,6,13.23646
容量约束车辆路径问题,8代岛,1,21,8,7,13.23646
容量约束车辆路径问题,8代岛,1,21,8,8,13.23646
容量约束车辆路径问题,8代岛,1,22,8,0,13.28321
容量约束车辆路径问题,8代岛,1,22,8,1,13.03297
容量约束车辆路径问题,8代岛,1,22,8,2,13.03297
容量约束车辆路径问题,8代岛,1,22,8,3,13.03297
容量约束车辆路径问题,8代岛,1,22,8,4,13.03297
容量约束车辆路径问题,8代岛,1,22,8,5,13.03297
容量约束车辆路径问题,8代岛,1,22,8,6,12.90758
容量约束车辆路径问题,8代岛,1,22,8,7,12.90758
容量约束车辆路径问题,8代岛,1,22,8,8,12.88037
容量约束车辆路径问题,8代岛,1,23,8,0,13.28321
容量约束车辆路径问题,8代岛,1,23,8,1,13.28321
容量约束车辆路径问题,8代岛,1,23,8,2,12.71318
容量约束车辆路径问题,8代岛,1,23,8,3,12.71318
容量约束车辆路径问题,8代岛,1,23,8,4,12.71318
容量约束车辆路径问题,8代岛,1,23,8,5,12.71318
容量约束车辆路径问题,8代岛,1,23,8,6,12.71318
容量约束车辆路径问题,8代岛,1,23,8,7,12.71318
容量约束车辆路径问题,8代岛,1,23,8,8,12.71318
容量约束车辆路径问题,8代岛,1,24,8,0,12.86269
容量约束车辆路径问题,8代岛,1,24,8,1,12.86269
容量约束车辆路径问题,8代岛,1,24,8,2,12.86269
容量约束车辆路径问题,8代岛,1,24,8,3,12.86269
容量约束车辆路径问题,8代岛,1,24,8,4,12.86269
容量约束车辆路径问题,8代岛,1,24,8,5,12.86269
容量约束车辆路径问题,8代岛,1,24,8,6,12.86269
容量约束车辆路径问题,8代岛,1,24,8,7,12.86269
容量约束车辆路径问题,8代岛,1,24,8,8,12.80525
容量约束车辆路径问题,8代岛,1,25,8,0,12.86269
容量约束车辆路径问题,8代岛,1,25,8,1,12.86269
容量约束车辆路径问题,8代岛,1,25,8,2,12.86269
容量约束车辆路径问题,8代岛,1,25,8,3,12.86269
容量约束车辆路径问题,8代岛,1,25,8,4,12.86269
容量约束车辆路径问题,8代岛,1,25,8,5,12.86269
容量约束车辆路径问题,8代岛,1,25,8,6,12.86269
容量约束车辆路径问题,8代岛,1,25,8,7,12.86269
容量约束车辆路径问题,8代岛,1,25,8,8,12.86269
容量约束车辆路径问题,8代岛,1,26,8,0,13.03297
容量约束车辆路径问题,8代岛,1,26,8,1,13.03297
容量约束车辆路径问题,8代岛,1,26,8,2,13.03297
容量约束车辆路径问题,8代岛,1,26,8,3,12.87634
容量约束车辆路径问题,8代岛,1,26,8,4,12.87634
容量约束车辆路径问题,8代岛,1,26,8,5,12.79184
容量约束车辆路径问题,8代岛,1,26,8,6,12.79184
容量约束车辆路径问题,8代岛,1,26,8,7,12.79184
容量约束车辆路径问题,8代岛,1,26,8,8,12.79184
容量约束车辆路径问题,8代岛,1,27,8,0,13.03778
容量约束车辆路径问题,8代岛,1,27,8,1,13.03778
容量约束车辆路径问题,8代岛,1,27,8,2,13.03778
容量约束车辆路径问题,8代岛,1,27,8,3,13.02324
容量约束车辆路径问题,8代岛,1,27,8,4,12.98315
容量约束车辆路径问题,8代岛,1,27,8,5,12.9665
容量约束车辆路径问题,8代岛,1,27,8,6,12.9665
容量约束车辆路径问题,8代岛,1,27,8,7,12.9665
容量约束车辆路径问题,8代岛,1,27,8,8,12.9665
容量约束车辆路径问题,8代岛,1,28,8,0,13.56371
容量约束车辆路径问题,8代岛,1,28,8,1,13.56371
容量约束车辆路径问题,8代岛,1,28,8,2,13.56371
容量约束车辆路径问题,8代岛,1,28,8,3,13.56371
容量约束车辆路径问题,8代岛,1,28,8,4,13.56371
容量约束车辆路径问题,8代岛,1,28,8,5,13.28515
容量约束车辆路径问题,8代岛,1,28,8,6,13.28515
容量约束车辆路径问题,8代岛,1,28,8,7,13.28515
容量约束车辆路径问题,8代岛,1,28,8,8,13.28515
容量约束车辆路径问题,8代岛,1,29,8,0,12.92808
容量约束车辆路径问题,8代岛,1,29,8,1,12.92808
容量约束车辆路径问题,8代岛,1,29,8,2,12.7017
容量约束车辆路径问题,8代岛,1,29,8,3,12.7017
容量约束车辆路径问题,8代岛,1,29,8,4,12.7017
容量约束车辆路径问题,8代岛,1,29,8,5,12.7017
容量约束车辆路径问题,8代岛,1,29,8,6,12.7017
容量约束车辆路径问题,8代岛,1,29,8,7,12.7017
容量约束车辆路径问题,8代岛,1,29,8,8,12.6504
容量约束车辆路径问题,8代岛,1,3,8,0,13.0558
容量约束车辆路径问题,8代岛,1,3,8,1,13.0558
容量约束车辆路径问题,8代岛,1,3,8,2,13.03605
容量约束车辆路径问题,8代岛,1,3,8,3,13.03297
容量约束车辆路径问题,8代岛,1,3,8,4,12.97506
容量约束车辆路径问题,8代岛,1,3,8,5,12.93579
容量约束车辆路径问题,8代岛,1,3,8,6,12.93579
容量约束车辆路径问题,8代岛,1,3,8,7,12.93579
容量约束车辆路径问题,8代岛,1,3,8,8,12.85319
容量约束车辆路径问题,8代岛,1,30,8,0,13.28106
容量约束车辆路径问题,8代岛,1,30,8,1,13.28106
容量约束车辆路径问题,8代岛,1,30,8,2,13.03297
容量约束车辆路径问题,8代岛,1,30,8,3,12.94951
容量约束车辆路径问题,8代岛,1,30,8,4,12.85319
容量约束车辆路径问题,8代岛,1,30,8,5,12.85319
容量约束车辆路径问题,8代岛,1,30,8,6,12.85319
容量约束车辆路径问题,8代岛,1,30,8,7,12.85319
容量约束车辆路径问题,8代岛,1,30,8,8,12.85319
容量约束车辆路径问题,8代岛,1,31,8,0,12.86269
容量约束车辆路径问题,8代岛,1,31,8,1,12.86269
容量约束车辆路径问题,8代岛,1,31,8,2,12.86269
容量约束车辆路径问题,8代岛,1,31,8,3,12.86269
容量约束车辆路径问题,8代岛,1,31,8,4,12.86269
容量约束车辆路径问题,8代岛,1,31,8,5,12.86269
容量约束车辆路径问题,8代岛,1,31,8,6,12.86269
容量约束车辆路径问题,8代岛,1,31,8,7,12.86269
容量约束车辆路径问题,8代岛,1,31,8,8,12.68624
容量约束车辆路径问题,8代岛,1,32,8,0,13.02146
容量约束车辆路径问题,8代岛,1,32,8,1,13.02146
容量约束车辆路径问题,8代岛,1,32,8,2,13.02032
容量约束车辆路径问题,8代岛,1,32,8,3,13.02032
容量约束车辆路径问题,8代岛,1,32,8,4,13.02032
容量约束车辆路径问题,8代岛,1,32,8,5,12.80898
容量约束车辆路径问题,8代岛,1,32,8,6,12.80898
容量约束车辆路径问题,8代岛,1,32,8,7,12.80898
容量约束车辆路径问题,8代岛,1,32,8,8,12.80898
容量约束车辆路径问题,8代岛,1,33,8,0,13.16073
容量约束车辆路径问题,8代岛,1,33,8,1,13.16073
容量约束车辆路径问题,8代岛,1,33,8,2,13.07156
容量约束车辆路径问题,8代岛,1,33,8,3,13.07156
容量约束车辆路径问题,8代岛,1,33,8,4,13.03629
容量约束车辆路径问题,8代岛,1,33,8,5,13.01371
容量约束车辆路径问题,8代岛,1,33,8,6,13.01371
容量约束车辆路径问题,8代岛,1,33,8,7,13.01371
容量约束车辆路径问题,8代岛,1,33,8,8,13.01371
容量约束车辆路径问题,8代岛,1,34,8,0,13.17555
容量约束车辆路径问题,8代岛,1,34,8,1,13.17555
容量约束车辆路径问题,8代岛,1,34,8,2,12.88028
容量约束车辆路径问题,8代岛,1,34,8,3,12.81365
容量约束车辆路径问题,8代岛,1,34,8,4,12.81365
容量约束车辆路径问题,8代岛,1,34,8,5,12.81365
容量约束车辆路径问题,8代岛,1,34,8,6,12.81365
容量约束车辆路径问题,8代岛,1,34,8,7,12.81365
容量约束车辆路径问题,8代岛,1,34,8,8,12.75535
容量约束车辆路径问题,8代岛,1,35,8,0,12.86269
容量约束车辆路径问题,8代岛,1,35,8,1,12.86269
容量约束车辆路径问题,8代岛,1,35,8,2,12.86269
容量约束车辆路径问题,8代岛,1,35,8,3,12.61
容量约束车辆路径问题,8代岛,1,35,8,4,12.61
容量约束车辆路径问题,8代岛,1,35,8,5,12.61
容量约束车辆路径问题,8代岛,1,35,8,6,12.61
容量约束车辆路径问题,8代岛,1,35,8,7,12.61
容量约束车辆路径问题,8代岛,1,35,8,8,12.61
容量约束车辆路径问题,8代岛,1,36,8,0,12.97506
容量约束车辆路径问题,8代岛,1,36,8,1,12.97506
容量约束车辆路径问题,8代岛,1,36,8,2,12.97506
容量约束车辆路径问题,8代岛,1,36,8,3,12.94087
容量约束车辆路径问题,8代岛,1,36,8,4,12.94087
容量约束车辆路径问题,8代岛,1,36,8,5,12.94087
容量约束车辆路径问题,8代岛,1,36,8,6,12.94087
容量约束车辆路径问题,8代岛,1,36,8,7,12.78951
容量约束车辆路径问题,8代岛,1,36,8,8,12.78951
容量约束车辆路径问题,8代岛,1,37,8,0,12.86269
容量约束车辆路径问题,8代岛,1,37,8,1,12.80251
容量约束车辆路径问题,8代岛,1,37,8,2,12.80251
容量约束车辆路径问题,8代岛,1,37,8,3,12.80251
容量约束车辆路径问题,8代岛,1,37,8,4,12.80251
容量约束车辆路径问题,8代岛,1,37,8,5,12.80251
容量约束车辆路径问题,8代岛,1,37,8,6,12.80251
容量约束车辆路径问题,8代岛,1,37,8,7,12.67585
容量约束车辆路径问题,8代岛,1,37,8,8,12.67585
容量约束车辆路径问题,8代岛,1,38,8,0,13.08244
容量约束车辆路径问题,8代岛,1,38,8,1,13.03297
容量约束车辆路径问题,8代岛,1,38,8,2,12.9622
容量约束车辆路径问题,8代岛,1,38,8,3,12.9622
容量约束车辆路径问题,8代岛,1,38,8,4,12.9622
容量约束车辆路径问题,8代岛,1,38,8,5,12.9622
容量约束车辆路径问题,8代岛,1,38,8,6,12.9622
容量约束车辆路径问题,8代岛,1,38,8,7,12.9622
容量约束车辆路径问题,8代岛,1,38,8,8,12.9622
容量约束车辆路径问题,8代岛,1,39,8,0,13.28321
容量约束车辆路径问题,8代岛,1,39,8,1,13.08244
容量约束车辆路径问题,8代岛,1,39,8,2,12.88497
容量约束车辆路径问题,8代岛,1,39,8,3,12.88497
容量约束车辆路径问题,8代岛,1,39,8,4,12.88497
容量约束车辆路径问题,8代岛,1,39,8,5,12.88497
容量约束车辆路径问题,8代岛,1,39,8,6,12.88497
容量约束车辆路径问题,8代岛,1,39,8,7,12.88497
容量约束车辆路径问题,8代岛,1,39,8,8,12.88497
容量约束车辆路径问题,8代岛,1,4,8,0,12.86269
容量约束车辆路径问题,8代岛,1,4,8,1,12.86269
容量约束车辆路径问题,8代岛,1,4,8,2,12.86269
容量约束车辆路径问题,8代岛,1,4,8,3,12.85885
容量约束车辆路径问题,8代岛,1,4,8,4,12.85885
容量约束车辆路径问题,8代岛,1,4,8,5,12.85885
容量约束车辆路径问题,8代岛,1,4,8,6,12.85885
容量约束车辆路径问题,8代岛,1,4,8,7,12.85885
容量约束车辆路径问题,8代岛,1,4,8,8,12.85885
容量约束车辆路径问题,8代岛,1,40,8,0,13.07265
容量约束车辆路径问题,8代岛,1,40,8,1,13.03297
容量约束车辆路径问题,8代岛,1,40,8,2,13.03297
容量约束车辆路径问题,8代岛,1,40,8,3,13.03297
容量约束车辆路径问题,8代岛,1,40,8,4,13.03297
容量约束车辆路径问题,8代岛,1,40,8,5,13.03297
容量约束车辆路径问题,8代岛,1,40,8,6,13.03297
容量约束车辆路径问题,8代岛,1,40,8,7,12.85319
容量约束车辆路径问题,8代岛,1,40,8,8,12.85319
容量约束车辆路径问题,8代岛,1,41,8,0,13.03297
容量约束车辆路径问题,8代岛,1,41,8,1,13.03297
容量约束车辆路径问题,8代岛,1,41,8,2,13.03297
容量约束车辆路径问题,8代岛,1,41,8,3,13.03297
容量约束车辆路径问题,8代岛,1,41,8,4,12.73221
容量约束车辆路径问题,8代岛,1,41,8,5,12.73221
容量约束车辆路径问题,8代岛,1,41,8,6,12.73221
容量约束车辆路径问题,8代岛,1,41,8,7,12.73221
容量约束车辆路径问题,8代岛,1,41,8,8,12.73221
容量约束车辆路径问题,8代岛,1,42,8,0,13.28321
容量约束车辆路径问题,8代岛,1,42,8,1,13.28321
容量约束车辆路径问题,8代岛,1,42,8,2,13.28321
容量约束车辆路径问题,8代岛,1,42,8,3,13.28321
容量约束车辆路径问题,8代岛,1,42,8,4,13.16257
容量约束车辆路径问题,8代岛,1,42,8,5,13.16257
容量约束车辆路径问题,8代岛,1,42,8,6,13.16257
容量约束车辆路径问题,8代岛,1,42,8,7,12.99073
容量约束车辆路径问题,8代岛,1,42,8,8,12.99073
容量约束车辆路径问题,8代岛,1,5,8,0,13.03297
容量约束车辆路径问题,8代岛,1,5,8,1,12.90604
容量约束车辆路径问题,8代岛,1,5,8,2,12.85319
容量约束车辆路径问题,8代岛,1,5,8,3,12.85319
容量约束车辆路径问题,8代岛,1,5,8,4,12.85319
容量约束车辆路径问题,8代岛,1,5,8,5,12.85319
容量约束车辆路径问题,8代岛,1,5,8,6,12.85319
容量约束车辆路径问题,8代岛,1,5,8,7,12.85319
容量约束车辆路径问题,8代岛,1,5,8,8,12.85319
容量约束车辆路径问题,8代岛,1,6,8,0,13.61078
容量约束车辆路径问题,8代岛,1,6,8,1,13.58588
容量约束车辆路径问题,8代岛,1,6,8,2,13.58588
容量约束车辆路径问题,8代岛,1,6,8,3,13.55352
容量约束车辆路径问题,8代岛,1,6,8,4,13.55352
容量约束车辆路径问题,8代岛,1,6,8,5,13.41629
容量约束车辆路径问题,8代岛,1,6,8,6,13.41629
容量约束车辆路径问题,8代岛,1,6,8,7,13.23646
容量约束车辆路径问题,8代岛,1,6,8,8,13.23646
容量约束车辆路径问题,8代岛,1,7,8,0,13.28321
容量约束车辆路径问题,8代岛,1,7,8,1,13.28321
容量约束车辆路径问题,8代岛,1,7,8,2,13.23646
容量约束车辆路径问题,8代岛,1,7,8,3,13.03297
容量约束车辆路径问题,8代岛,1,7,8,4,13.03297
容量约束车辆路径问题,8代岛,1,7,8,5,12.92808
容量约束车辆路径问题,8代岛,1,7,8,6,12.83662
容量约束车辆路径问题,8代岛,1,7,8,7,12.83662
容量约束车辆路径问题,8代岛,1,7,8,8,12.83662
容量约束车辆路径问题,8代岛,1,8,8,0,12.86269
容量约束车辆路径问题,8代岛,1,8,8,1,12.86269
容量约束车辆路径问题,8代岛,1,8,8,2,12.86269
容量约束车辆路径问题,8代岛,1,8,8,3,12.86269
容量约束车辆路径问题,8代岛,1,8,8,4,12.86269
容量约束车辆路径问题,8代岛,1,8,8,5,12.86269
容量约束车辆路径问题,8代岛,1,8,8,6,12.86269
容量约束车辆路径问题,8代岛,1,8,8,7,12.86269
容量约束车辆路径问题,8代岛,1,8,8,8,12.86269
容量约束车辆路径问题,8代岛,1,9,8,0,13.61078
容量约束车辆路径问题,8代岛,1,9,8,1,13.59634
容量约束车辆路径问题,8代岛,1,9,8,2,13.59634
容量约束车辆路径问题,8代岛,1,9,8,3,13.28515
容量约束车辆路径问题,8代岛,1,9,8,4,13.28515
容量约束车辆路径问题,8代岛,1,9,8,5,13.28515
容量约束车辆路径问题,8代岛,1,9,8,6,13.28515
容量约束车辆路径问题,8代岛,1,9,8,7,13.28515
容量约束车辆路径问题,8代岛,1,9,8,8,13.23646
旅行商问题,8代岛,1,1,8,0,6.5198
旅行商问题,8代岛,1,1,8,1,6.5198
旅行商问题,8代岛,1,1,8,2,6.34985
旅行商问题,8代岛,1,1,8,3,6.34985
旅行商问题,8代岛,1,1,8,4,6.34985
旅行商问题,8代岛,1,1,8,5,6.34985
旅行商问题,8代岛,1,1,8,6,6.34985
旅行商问题,8代岛,1,1,8,7,6.34985
旅行商问题,8代岛,1,1,8,8,6.34985
旅行商问题,8代岛,1,10,8,0,7.27931
旅行商问题,8代岛,1,10,8,1,6.34985
旅行商问题,8代岛,1,10,8,2,6.34985
旅行商问题,8代岛,1,10,8,3,6.34985
旅行商问题,8代岛,1,10,8,4,6.34985
旅行商问题,8代岛,1,10,8,5,6.34985
旅行商问题,8代岛,1,10,8,6,6.34985
旅行商问题,8代岛,1,10,8,7,6.30341
旅行商问题,8代岛,1,10,8,8,6.30341
旅行商问题,8代岛,1,11,8,0,6.91907
旅行商问题,8代岛,1,11,8,1,6.20115
旅行商问题,8代岛,1,11,8,2,6.20115
旅行商问题,8代岛,1,11,8,3,6.20115
旅行商问题,8代岛,1,11,8,4,6.20115
旅行商问题,8代岛,1,11,8,5,6.20115
旅行商问题,8代岛,1,11,8,6,6.20115
旅行商问题,8代岛,1,11,8,7,6.20115
旅行商问题,8代岛,1,11,8,8,6.20115
旅行商问题,8代岛,1,12,8,0,6.23304
旅行商问题,8代岛,1,12,8,1,6.23304
旅行商问题,8代岛,1,12,8,2,6.23304
旅行商问题,8代岛,1,12,8,3,6.23304
旅行商问题,8代岛,1,12,8,4,6.18573
旅行商问题,8代岛,1,12,8,5,6.18573
旅行商问题,8代岛,1,12,8,6,6.18573
旅行商问题,8代岛,1,12,8,7,6.18573
旅行商问题,8代岛,1,12,8,8,6.18573
旅行商问题,8代岛,1,13,8,0,6.45183
旅行商问题,8代岛,1,13,8,1,6.45183
旅行商问题,8代岛,1,13,8,2,6.45183
旅行商问题,8代岛,1,13,8,3,6.45183
旅行商问题,8代岛,1,13,8,4,6.45183
旅行商问题,8代岛,1,13,8,5,6.45183
旅行商问题,8代岛,1,13,8,6,6.30341
旅行商问题,8代岛,1,13,8,7,6.30341
旅行商问题,8代岛,1,13,8,8,6.30341
旅行商问题,8代岛,1,14,8,0,6.23281
旅行商问题,8代岛,1,14,8,1,6.23281
旅行商问题,8代岛,1,14,8,2,6.20621
旅行商问题,8代岛,1,14,8,3,6.20621
旅行商问题,8代岛,1,14,8,4,6.20621
旅行商问题,8代岛,1,14,8,5,6.20621
旅行商问题,8代岛,1,14,8,6,6.20621
旅行商问题,8代岛,1,14,8,7,6.20621
旅行商问题,8代岛,1,14,8,8,6.20621
旅行商问题,8代岛,1,15,8,0,8.03903
旅行商问题,8代岛,1,15,8,1,7.04992
旅行商问题,8代岛,1,15,8,2,6.78176
旅行商问题,8代岛,1,15,8,3,6.44811
旅行商问题,8代岛,1,15,8,4,6.44811
旅行商问题,8代岛,1,15,8,5,6.26844
旅行商问题,8代岛,1,15,8,6,6.26844
旅行商问题,8代岛,1,15,8,7,6.25844
旅行商问题,8代岛,1,15,8,8,6.25844
旅行商问题,8代岛,1,16,8,0,6.60788
旅行商问题,8代岛,1,16,8,1,6.60788
旅行商问题,8代岛,1,16,8,2,6.16069
旅行商问题,8代岛,1,16,8,3,6.16069
旅行商问题,8代岛,1,16,8,4,6.16069
旅行商问题,8代岛,1,16,8,5,6.16069
旅行商问题,8代岛,1,16,8,6,6.16069
旅行商问题,8代岛,1,16,8,7,6.16069
旅行商问题,8代岛,1,16,8,8,6.16069
旅行商问题,8代岛,1,17,8,0,7.69136
旅行商问题,8代岛,1,17,8,1,7.04768
旅行商问题,8代岛,1,17,8,2,6.54769
旅行商问题,8代岛,1,17,8,3,6.50557
旅行商问题,8代岛,1,17,8,4,6.50557
旅行商问题,8代岛,1,17,8,5,6.35209
旅行商问题,8代岛,1,17,8,6,6.35209
旅行商问题,8代岛,1,17,8,7,6.34985
旅行商问题,8代岛,1,17,8,8,6.3195
旅行商问题,8代岛,1,18,8,0,6.68739
旅行商问题,8代岛,1,18,8,1,6.5198
旅行商问题,8代岛,1,18,8,2,6.34187
旅行商问题,8代岛,1,18,8,3,6.34187
旅行商问题,8代岛,1,18,8,4,6.34187
旅行商问题,8代岛,1,18,8,5,6.33721
旅行商问题,8代岛,1,18,8,6,6.33721
旅行商问题,8代岛,1,18,8,7,6.19714
旅行商问题,8代岛,1,18,8,8,6.19714
旅行商问题,8代岛,1,19,8,0,6.54704
旅行商问题,8代岛,1,19,8,1,6.54704
旅行商问题,8代岛,1,19,8,2,6.47577
旅行商问题,8代岛,1,19,8,3,6.47577
旅行商问题,8代岛,1,19,8,4,6.34985
旅行商问题,8代岛,1,19,8,5,6.34985
旅行商问题,8代岛,1,19,8,6,6.34985
旅行商问题,8代岛,1,19,8,7,6.34985
旅行商问题,8代岛,1,19,8,8,6.34985
旅行商问题,8代岛,1,2,8,0,6.58228
旅行商问题,8代岛,1,2,8,1,6.13382
旅行商问题,8代岛,1,2,8,2,6.13382
旅行商问题,8代岛,1,2,8,3,6.13382
旅行商问题,8代岛,1,2,8,4,6.13382
旅行商问题,8代岛,1,2,8,5,6.13382
旅行商问题,8代岛,1,2,8,6,6.13382
旅行商问题,8代岛,1,2,8,7,6.13382
旅行商问题,8代岛,1,2,8,8,6.13382
旅行商问题,8代岛,1,20,8,0,6.38806
旅行商问题,8代岛,1,20,8,1,6.38806
旅行商问题,8代岛,1,20,8,2,6.38806
旅行商问题,8代岛,1,20,8,3,6.38806
旅行商问题,8代岛,1,20,8,4,6.38806
旅行商问题,8代岛,1,20,8,5,6.38806
旅行商问题,8代岛,1,20,8,6,6.38806
旅行商问题,8代岛,1,20,8,7,6.38806
旅行商问题,8代岛,1,20,8,8,6.38806
旅行商问题,8代岛,1,21,8,0,6.49921
旅行商问题,8代岛,1,21,8,1,6.49921
旅行商问题,8代岛,1,21,8,2,6.07962
旅行商问题,8代岛,1,21,8,3,6.07962
旅行商问题,8代岛,1,21,8,4,6.07962
旅行商问题,8代岛,1,21,8,5,6.07962
旅行商问题,8代岛,1,21,8,6,6.07962
旅行商问题,8代岛,1,21,8,7,6.07962
旅行商问题,8代岛,1,21,8,8,6.07962
旅行商问题,8代岛,1,22,8,0,6.24297
旅行商问题,8代岛,1,22,8,1,6.24297
旅行商问题,8代岛,1,22,8,2,6.24297
旅行商问题,8代岛,1,22,8,3,6.24297
旅行商问题,8代岛,1,22,8,4,6.24297
旅行商问题,8代岛,1,22,8,5,6.24297
旅行商问题,8代岛,1,22,8,6,6.24297
旅行商问题,8代岛,1,22,8,7,6.24297
旅行商问题,8代岛,1,22,8,8,6.24297
旅行商问题,8代岛,1,23,8,0,6.60788
旅行商问题,8代岛,1,23,8,1,6.60788
旅行商问题,8代岛,1,23,8,2,6.60788
旅行商问题,8代岛,1,23,8,3,6.60788
旅行商问题,8代岛,1,23,8,4,6.49692
旅行商问题,8代岛,1,23,8,5,6.45485
旅行商问题,8代岛,1,23,8,6,6.45485
旅行商问题,8代岛,1,23,8,7,6.3751
旅行商问题,8代岛,1,23,8,8,6.37272
旅行商问题,8代岛,1,24,8,0,6.58955
旅行商问题,8代岛,1,24,8,1,6.58955
旅行商问题,8代岛,1,24,8,2,6.45878
旅行商问题,8代岛,1,24,8,3,6.45878
旅行商问题,8代岛,1,24,8,4,6.42507
旅行商问题,8代岛,1,24,8,5,6.42507
旅行商问题,8代岛,1,24,8,6,6.42507
旅行商问题,8代岛,1,24,8,7,6.42507
旅行商问题,8代岛,1,24,8,8,6.42507
旅行商问题,8代岛,1,25,8,0,6.59511
旅行商问题,8代岛,1,25,8,1,6.59511
旅行商问题,8代岛,1,25,8,2,6.55192
旅行商问题,8代岛,1,25,8,3,6.55192
旅行商问题,8代岛,1,25,8,4,6.55192
旅行商问题,8代岛,1,25,8,5,6.48148
旅行商问题,8代岛,1,25,8,6,6.48148
旅行商问题,8代岛,1,25,8,7,6.48148
旅行商问题,8代岛,1,25,8,8,6.48148
旅行商问题,8代岛,1,26,8,0,6.46359
旅行商问题,8代岛,1,26,8,1,6.22
旅行商问题,8代岛,1,26,8,2,6.22
旅行商问题,8代岛,1,26,8,3,6.22
旅行商问题,8代岛,1,26,8,4,6.22
旅行商问题,8代岛,1,26,8,5,6.22
旅行商问题,8代岛,1,26,8,6,6.22
旅行商问题,8代岛,1,26,8,7,6.22
旅行商问题,8代岛,1,26,8,8,6.22
旅行商问题,8代岛,1,27,8,0,6.4651
旅行商问题,8代岛,1,27,8,1,6.18902
旅行商问题,8代岛,1,27,8,2,6.18902
旅行商问题,8代岛,1,27,8,3,6.18902
旅行商问题,8代岛,1,27,8,4,6.18902
旅行商问题,8代岛,1,27,8,5,6.18902
旅行商问题,8代岛,1,27,8,6,6.18902
旅行商问题,8代岛,1,27,8,7,6.18902
旅行商问题,8代岛,1,27,8,8,6.18902
旅行商问题,8代岛,1,28,8,0,6.52889
旅行商问题,8代岛,1,28,8,1,6.31369
旅行商问题,8代岛,1,28,8,2,6.31369
旅行商问题,8代岛,1,28,8,3,6.31369
旅行商问题,8代岛,1,28,8,4,6.10923
旅行商问题,8代岛,1,28,8,5,6.10923
旅行商问题,8代岛,1,28,8,6,6.10923
旅行商问题,8代岛,1,28,8,7,6.10923
旅行商问题,8代岛,1,28,8,8,6.10923
旅行商问题,8代岛,1,29,8,0,6.20872
旅行商问题,8代岛,1,29,8,1,6.20872
旅行商问题,8代岛,1,29,8,2,6.20872
旅行商问题,8代岛,1,29,8,3,6.20872
旅行商问题,8代岛,1,29,8,4,6.20872
旅行商问题,8代岛,1,29,8,5,6.20872
旅行商问题,8代岛,1,29,8,6,6.20872
旅行商问题,8代岛,1,29,8,7,6.20872
旅行商问题,8代岛,1,29,8,8,6.20872
旅行商问题,8代岛,1,3,8,0,6.35245
旅行商问题,8代岛,1,3,8,1,6.35245
旅行商问题,8代岛,1,3,8,2,6.35245
旅行商问题,8代岛,1,3,8,3,6.35245
旅行商问题,8代岛,1,3,8,4,6.35245
旅行商问题,8代岛,1,3,8,5,6.35245
旅行商问题,8代岛,1,3,8,6,6.35245
旅行商问题,8代岛,1,3,8,7,6.35245
旅行商问题,8代岛,1,3,8,8,6.35245
旅行商问题,8代岛,1,30,8,0,6.6616
旅行商问题,8代岛,1,30,8,1,6.21423
旅行商问题,8代岛,1,30,8,2,6.21423
旅行商问题,8代岛,1,30,8,3,6.21423
旅行商问题,8代岛,1,30,8,4,6.21423
旅行商问题,8代岛,1,30,8,5,6.21423
旅行商问题,8代岛,1,30,8,6,6.21423
旅行商问题,8代岛,1,30,8,7,6.21423
旅行商问题,8代岛,1,30,8,8,6.21423
旅行商问题,8代岛,1,31,8,0,6.61629
旅行商问题,8代岛,1,31,8,1,6.61629
旅行商问题,8代岛,1,31,8,2,6.61629
旅行商问题,8代岛,1,31,8,3,6.60788
旅行商问题,8代岛,1,31,8,4,6.60788
旅行商问题,8代岛,1,31,8,5,6.60788
旅行商问题,8代岛,1,31,8,6,6.60788
旅行商问题,8代岛,1,31,8,7,6.44987
旅行商问题,8代岛,1,31,8,8,6.44987
旅行商问题,8代岛,1,32,8,0,6.72543
旅行商问题,8代岛,1,32,8,1,6.72543
旅行商问题,8代岛,1,32,8,2,6.69017
旅行商问题,8代岛,1,32,8,3,6.34985
旅行商问题,8代岛,1,32,8,4,6.31761
旅行商问题,8代岛,1,32,8,5,6.28178
旅行商问题,8代岛,1,32,8,6,6.28178
旅行商问题,8代岛,1,32,8,7,6.28178
旅行商问题,8代岛,1,32,8,8,6.28178
旅行商问题,8代岛,1,33,8,0,6.26268
旅行商问题,8代岛,1,33,8,1,6.26268
旅行商问题,8代岛,1,33,8,2,6.26268
旅行商问题,8代岛,1,33,8,3,6.26268
旅行商问题,8代岛,1,33,8,4,6.26268
旅行商问题,8代岛,1,33,8,5,6.26268
旅行商问题,8代岛,1,33,8,6,6.26268
旅行商问题,8代岛,1,33,8,7,6.26268
旅行商问题,8代岛,1,33,8,8,6.26268
旅行商问题,8代岛,1,34,8,0,6.15242
旅行商问题,8代岛,1,34,8,1,6.15242
旅行商问题,8代岛,1,34,8,2,6.15242
旅行商问题,8代岛,1,34,8,3,6.15242
旅行商问题,8代岛,1,34,8,4,6.15242
旅行商问题,8代岛,1,34,8,5,6.15242
旅行商问题,8代岛,1,34,8,6,6.15242
旅行商问题,8代岛,1,34,8,7,6.15242
旅行商问题,8代岛,1,34,8,8,6.15242
旅行商问题,8代岛,1,4,8,0,7.2042
旅行商问题,8代岛,1,4,8,1,6.79914
旅行商问题,8代岛,1,4,8,2,6.16407
旅行商问题,8代岛,1,4,8,3,6.13382
旅行商问题,8代岛,1,4,8,4,6.08375
旅行商问题,8代岛,1,4,8,5,6.08375
旅行商问题,8代岛,1,4,8,6,6.08375
旅行商问题,8代岛,1,4,8,7,6.08375
旅行商问题,8代岛,1,4,8,8,6.08375
旅行商问题,8代岛,1,5,8,0,6.49193
旅行商问题,8代岛,1,5,8,1,6.49193
旅行商问题,8代岛,1,5,8,2,6.15292
旅行商问题,8代岛,1,5,8,3,6.15292
旅行商问题,8代岛,1,5,8,4,6.15292
旅行商问题,8代岛,1,5,8,5,6.15292
旅行商问题,8代岛,1,5,8,6,6.15292
旅行商问题,8代岛,1,5,8,7,6.15292
旅行商问题,8代岛,1,5,8,8,6.15292
旅行商问题,8代岛,1,6,8,0,6.84393
旅行商问题,8代岛,1,6,8,1,6.84393
旅行商问题,8代岛,1,6,8,2,6.82095
旅行商问题,8代岛,1,6,8,3,6.69586
旅行商问题,8代岛,1,6,8,4,6.67997
旅行商问题,8代岛,1,6,8,5,6.67997
旅行商问题,8代岛,1,6,8,6,6.67997
旅行商问题,8代岛,1,6,8,7,6.67997
旅行商问题,8代岛,1,6,8,8,6.30382
旅行商问题,8代岛,1,7,8,0,6.59121
旅行商问题,8代岛,1,7,8,1,6.59121
旅行商问题,8代岛,1,7,8,2,6.18904
旅行商问题,8代岛,1,7,8,3,6.18904
旅行商问题,8代岛,1,7,8,4,6.18904
旅行商问题,8代岛,1,7,8,5,6.18904
旅行商问题,8代岛,1,7,8,6,6.18904
旅行商问题,8代岛,1,7,8,7,6.18904
旅行商问题,8代岛,1,7,8,8,6.18904
旅行商问题,8代岛,1,8,8,0,6.32054
旅行商问题,8代岛,1,8,8,1,6.32054
旅行商问题,8代岛,1,8,8,2,6.32054
旅行商问题,8代岛,1,8,8,3,6.30466
旅行商问题,8代岛,1,8,8,4,6.30466
旅行商问题,8代岛,1,8,8,5,6.30466
旅行商问题,8代岛,1,8,8,6,6.30466
旅行商问题,8代岛,1,8,8,7,6.30466
旅行商问题,8代岛,1,8,8,8,6.30466
旅行商问题,8代岛,1,9,8,0,6.41035
旅行商问题,8代岛,1,9,8,1,6.41035
旅行商问题,8代岛,1,9,8,2,6.32054
旅行商问题,8代岛,1,9,8,3,6.32054
旅行商问题,8代岛,1,9,8,4,6.32054
旅行商问题,8代岛,1,9,8,5,6.26132
旅行商问题,8代岛,1,9,8,6,6.26132
旅行商问题,8代岛,1,9,8,7,6.26132
旅行商问题,8代岛,1,9,8,8,6.26132
在线装箱问题,8代岛,2,1,8,0,0.03984
在线装箱问题,8代岛,2,1,8,1,0.03964
在线装箱问题,8代岛,2,1,8,2,0.03964
在线装箱问题,8代岛,2,1,8,3,0.03964
在线装箱问题,8代岛,2,1,8,4,0.03964
在线装箱问题,8代岛,2,1,8,5,0.03964
在线装箱问题,8代岛,2,1,8,6,0.03964
在线装箱问题,8代岛,2,1,8,7,0.03964
在线装箱问题,8代岛,2,1,8,8,0.03964
在线装箱问题,8代岛,2,11,8,0,0.03984
在线装箱问题,8代岛,2,11,8,1,0.03984
在线装箱问题,8代岛,2,11,8,2,0.03984
在线装箱问题,8代岛,2,11,8,3,0.03984
在线装箱问题,8代岛,2,11,8,4,0.03984
在线装箱问题,8代岛,2,11,8,5,0.03984
在线装箱问题,8代岛,2,11,8,6,0.03984
在线装箱问题,8代岛,2,11,8,7,0.03984
在线装箱问题,8代岛,2,11,8,8,0.03984
在线装箱问题,8代岛,2,12,8,0,0.03984
在线装箱问题,8代岛,2,12,8,1,0.01067
在线装箱问题,8代岛,2,12,8,2,0.01067
在线装箱问题,8代岛,2,12,8,3,0.01067
在线装箱问题,8代岛,2,12,8,4,0.01067
在线装箱问题,8代岛,2,12,8,5,0.01067
在线装箱问题,8代岛,2,12,8,6,0.01067
在线装箱问题,8代岛,2,12,8,7,0.01067
在线装箱问题,8代岛,2,12,8,8,0.01067
在线装箱问题,8代岛,2,13,8,0,0.03964
在线装箱问题,8代岛,2,13,8,1,0.03964
在线装箱问题,8代岛,2,13,8,2,0.03964
在线装箱问题,8代岛,2,13,8,3,0.03964
在线装箱问题,8代岛,2,13,8,4,0.03964
在线装箱问题,8代岛,2,13,8,5,0.03964
在线装箱问题,8代岛,2,13,8,6,0.03944
在线装箱问题,8代岛,2,13,8,7,0.03944
在线装箱问题,8代岛,2,13,8,8,0.03944
在线装箱问题,8代岛,2,14,8,0,0.03934
在线装箱问题,8代岛,2,14,8,1,0.03934
在线装箱问题,8代岛,2,14,8,2,0.03109
在线装箱问题,8代岛,2,14,8,3,0.03109
在线装箱问题,8代岛,2,14,8,4,0.03109
在线装箱问题,8代岛,2,14,8,5,0.03109
在线装箱问题,8代岛,2,14,8,6,0.03109
在线装箱问题,8代岛,2,14,8,7,0.03109
在线装箱问题,8代岛,2,14,8,8,0.03109
在线装箱问题,8代岛,2,15,8,0,0.03924
在线装箱问题,8代岛,2,15,8,1,0.03924
在线装箱问题,8代岛,2,15,8,2,0.01791
在线装箱问题,8代岛,2,15,8,3,0.01791
在线装箱问题,8代岛,2,15,8,4,0.01791
在线装箱问题,8代岛,2,15,8,5,0.01791
在线装箱问题,8代岛,2,15,8,6,0.01791
在线装箱问题,8代岛,2,15,8,7,0.01791
在线装箱问题,8代岛,2,15,8,8,0.01791
在线装箱问题,8代岛,2,16,8,0,0.03984
在线装箱问题,8代岛,2,16,8,1,0.03984
在线装箱问题,8代岛,2,16,8,2,0.03984
在线装箱问题,8代岛,2,16,8,3,0.03984
在线装箱问题,8代岛,2,16,8,4,0.03984
在线装箱问题,8代岛,2,16,8,5,0.03984
在线装箱问题,8代岛,2,16,8,6,0.03984
在线装箱问题,8代岛,2,16,8,7,0.03984
在线装箱问题,8代岛,2,16,8,8,0.02183
在线装箱问题,8代岛,2,17,8,0,0.03984
在线装箱问题,8代岛,2,17,8,1,0.03984
在线装箱问题,8代岛,2,17,8,2,0.03843
在线装箱问题,8代岛,2,17,8,3,0.02908
在线装箱问题,8代岛,2,17,8,4,0.02908
在线装箱问题,8代岛,2,17,8,5,0.02908
在线装箱问题,8代岛,2,17,8,6,0.02908
在线装箱问题,8代岛,2,17,8,7,0.02908
在线装箱问题,8代岛,2,17,8,8,0.02636
在线装箱问题,8代岛,2,18,8,0,0.03984
在线装箱问题,8代岛,2,18,8,1,0.03984
在线装箱问题,8代岛,2,18,8,2,0.03984
在线装箱问题,8代岛,2,18,8,3,0.03974
在线装箱问题,8代岛,2,18,8,4,0.03974
在线装箱问题,8代岛,2,18,8,5,0.03974
在线装箱问题,8代岛,2,18,8,6,0.03974
在线装箱问题,8代岛,2,18,8,7,0.03974
在线装箱问题,8代岛,2,18,8,8,0.03934
在线装箱问题,8代岛,2,2,8,0,0.03984
在线装箱问题,8代岛,2,2,8,1,0.03984
在线装箱问题,8代岛,2,2,8,2,0.03984
在线装箱问题,8代岛,2,2,8,3,0.03984
在线装箱问题,8代岛,2,2,8,4,0.03984
在线装箱问题,8代岛,2,2,8,5,0.03984
在线装箱问题,8代岛,2,2,8,6,0.03984
在线装箱问题,8代岛,2,2,8,7,0.03984
在线装箱问题,8代岛,2,2,8,8,0.03984
在线装箱问题,8代岛,2,20,8,0,0.03984
在线装箱问题,8代岛,2,20,8,1,0.03984
在线装箱问题,8代岛,2,20,8,2,0.03984
在线装箱问题,8代岛,2,20,8,3,0.03833
在线装箱问题,8代岛,2,20,8,4,0.03833
在线装箱问题,8代岛,2,20,8,5,0.03833
在线装箱问题,8代岛,2,20,8,6,0.03803
在线装箱问题,8代岛,2,20,8,7,0.03803
在线装箱问题,8代岛,2,20,8,8,0.03803
在线装箱问题,8代岛,2,21,8,0,0.03954
在线装箱问题,8代岛,2,21,8,1,0.03954
在线装箱问题,8代岛,2,21,8,2,0.03954
在线装箱问题,8代岛,2,21,8,3,0.03954
在线装箱问题,8代岛,2,21,8,4,0.03954
在线装箱问题,8代岛,2,21,8,5,0.03954
在线装箱问题,8代岛,2,21,8,6,0.03954
在线装箱问题,8代岛,2,21,8,7,0.03954
在线装箱问题,8代岛,2,21,8,8,0.03954
在线装箱问题,8代岛,2,23,8,0,0.03713
在线装箱问题,8代岛,2,23,8,1,0.03713
在线装箱问题,8代岛,2,23,8,2,0.03713
在线装箱问题,8代岛,2,23,8,3,0.03713
在线装箱问题,8代岛,2,23,8,4,0.03713
在线装箱问题,8代岛,2,23,8,5,0.03713
在线装箱问题,8代岛,2,23,8,6,0.03713
在线装箱问题,8代岛,2,23,8,7,0.03713
在线装箱问题,8代岛,2,23,8,8,0.03713
在线装箱问题,8代岛,2,25,8,0,0.03984
在线装箱问题,8代岛,2,25,8,1,0.03984
在线装箱问题,8代岛,2,25,8,2,0.03984
在线装箱问题,8代岛,2,25,8,3,0.03984
在线装箱问题,8代岛,2,25,8,4,0.03984
在线装箱问题,8代岛,2,25,8,5,0.03984
在线装箱问题,8代岛,2,25,8,6,0.02304
在线装箱问题,8代岛,2,25,8,7,0.02304
在线装箱问题,8代岛,2,25,8,8,0.02304
在线装箱问题,8代岛,2,26,8,0,0.148
在线装箱问题,8代岛,2,26,8,1,0.06007
在线装箱问题,8代岛,2,26,8,2,0.04558
在线装箱问题,8代岛,2,26,8,3,0.04306
在线装箱问题,8代岛,2,26,8,4,0.03954
在线装箱问题,8代岛,2,26,8,5,0.03954
在线装箱问题,8代岛,2,26,8,6,0.03854
在线装箱问题,8代岛,2,26,8,7,0.03854
在线装箱问题,8代岛,2,26,8,8,0.03854
在线装箱问题,8代岛,2,27,8,0,0.03984
在线装箱问题,8代岛,2,27,8,1,0.03984
在线装箱问题,8代岛,2,27,8,2,0.0329
在线装箱问题,8代岛,2,27,8,3,0.0329
在线装箱问题,8代岛,2,27,8,4,0.0329
在线装箱问题,8代岛,2,27,8,5,0.02123
在线装箱问题,8代岛,2,27,8,6,0.02123
在线装箱问题,8代岛,2,27,8,7,0.02123
在线装箱问题,8代岛,2,27,8,8,0.02123
在线装箱问题,8代岛,2,28,8,0,0.04668
在线装箱问题,8代岛,2,28,8,1,0.04668
在线装箱问题,8代岛,2,28,8,2,0.04568
在线装箱问题,8代岛,2,28,8,3,0.04568
在线装箱问题,8代岛,2,28,8,4,0.03984
在线装箱问题,8代岛,2,28,8,5,0.03984
在线装箱问题,8代岛,2,28,8,6,0.03984
在线装箱问题,8代岛,2,28,8,7,0.03984
在线装箱问题,8代岛,2,28,8,8,0.03984
在线装箱问题,8代岛,2,3,8,0,0.03984
在线装箱问题,8代岛,2,3,8,1,0.03984
在线装箱问题,8代岛,2,3,8,2,0.02163
在线装箱问题,8代岛,2,3,8,3,0.02163
在线装箱问题,8代岛,2,3,8,4,0.02163
在线装箱问题,8代岛,2,3,8,5,0.02163
在线装箱问题,8代岛,2,3,8,6,0.02163
在线装箱问题,8代岛,2,3,8,7,0.0168
在线装箱问题,8代岛,2,3,8,8,0.0168
在线装箱问题,8代岛,2,30,8,0,1.51534
在线装箱问题,8代岛,2,30,8,1,0.06731
在线装箱问题,8代岛,2,30,8,2,0.03984
在线装箱问题,8代岛,2,30,8,3,0.03984
在线装箱问题,8代岛,2,30,8,4,0.03984
在线装箱问题,8代岛,2,30,8,5,0.03984
在线装箱问题,8代岛,2,30,8,6,0.03984
在线装箱问题,8代岛,2,30,8,7,0.03984
在线装箱问题,8代岛,2,30,8,8,0.03894
在线装箱问题,8代岛,2,31,8,0,0.03984
在线装箱问题,8代岛,2,31,8,1,0.03984
在线装箱问题,8代岛,2,31,8,2,0.03984
在线装箱问题,8代岛,2,31,8,3,0.03763
在线装箱问题,8代岛,2,31,8,4,0.03763
在线装箱问题,8代岛,2,31,8,5,0.03763
在线装箱问题,8代岛,2,31,8,6,0.03763
在线装箱问题,8代岛,2,31,8,7,0.03763
在线装箱问题,8代岛,2,31,8,8,0.03763
在线装箱问题,8代岛,2,32,8,0,0.04789
在线装箱问题,8代岛,2,32,8,1,0.04789
在线装箱问题,8代岛,2,32,8,2,0.02385
在线装箱问题,8代岛,2,32,8,3,0.02385
在线装箱问题,8代岛,2,32,8,4,0.02385
在线装箱问题,8代岛,2,32,8,5,0.02385
在线装箱问题,8代岛,2,32,8,6,0.02385
在线装箱问题,8代岛,2,32,8,7,0.02385
在线装箱问题,8代岛,2,32,8,8,0.02385
在线装箱问题,8代岛,2,33,8,0,0.02666
在线装箱问题,8代岛,2,33,8,1,0.02666
在线装箱问题,8代岛,2,33,8,2,0.02666
在线装箱问题,8代岛,2,33,8,3,0.02666
在线装箱问题,8代岛,2,33,8,4,0.02666
在线装箱问题,8代岛,2,33,8,5,0.02666
在线装箱问题,8代岛,2,33,8,6,0.02666
在线装箱问题,8代岛,2,33,8,7,0.02666
在线装箱问题,8代岛,2,33,8,8,0.02666
在线装箱问题,8代岛,2,34,8,0,0.03984
在线装箱问题,8代岛,2,34,8,1,0.03984
在线装箱问题,8代岛,2,34,8,2,0.03984
在线装箱问题,8代岛,2,34,8,3,0.03984
在线装箱问题,8代岛,2,34,8,4,0.03984
在线装箱问题,8代岛,2,34,8,5,0.03984
在线装箱问题,8代岛,2,34,8,6,0.03984
在线装箱问题,8代岛,2,34,8,7,0.03984
在线装箱问题,8代岛,2,34,8,8,0.03984
在线装箱问题,8代岛,2,35,8,0,0.03984
在线装箱问题,8代岛,2,35,8,1,0.03984
在线装箱问题,8代岛,2,35,8,2,0.0329
在线装箱问题,8代岛,2,35,8,3,0.0329
在线装箱问题,8代岛,2,35,8,4,0.0329
在线装箱问题,8代岛,2,35,8,5,0.0329
在线装箱问题,8代岛,2,35,8,6,0.0329
在线装箱问题,8代岛,2,35,8,7,0.0329
在线装箱问题,8代岛,2,35,8,8,0.0329
在线装箱问题,8代岛,2,36,8,0,0.03984
在线装箱问题,8代岛,2,36,8,1,0.03984
在线装箱问题,8代岛,2,36,8,2,0.03984
在线装箱问题,8代岛,2,36,8,3,0.03984
在线装箱问题,8代岛,2,36,8,4,0.03984
在线装箱问题,8代岛,2,36,8,5,0.03984
在线装箱问题,8代岛,2,36,8,6,0.03984
在线装箱问题,8代岛,2,36,8,7,0.03984
在线装箱问题,8代岛,2,36,8,8,0.03874
在线装箱问题,8代岛,2,37,8,0,0.03984
在线装箱问题,8代岛,2,37,8,1,0.03984
在线装箱问题,8代岛,2,37,8,2,0.03954
在线装箱问题,8代岛,2,37,8,3,0.01217
在线装箱问题,8代岛,2,37,8,4,0.01217
在线装箱问题,8代岛,2,37,8,5,0.01217
在线装箱问题,8代岛,2,37,8,6,0.01217
在线装箱问题,8代岛,2,37,8,7,0.01217
在线装箱问题,8代岛,2,37,8,8,0.01217
在线装箱问题,8代岛,2,38,8,0,0.03984
在线装箱问题,8代岛,2,38,8,1,0.03984
在线装箱问题,8代岛,2,38,8,2,0.03984
在线装箱问题,8代岛,2,38,8,3,0.03984
在线装箱问题,8代岛,2,38,8,4,0.03984
在线装箱问题,8代岛,2,38,8,5,0.03984
在线装箱问题,8代岛,2,38,8,6,0.03984
在线装箱问题,8代岛,2,38,8,7,0.03984
在线装箱问题,8代岛,2,38,8,8,0.03984
在线装箱问题,8代岛,2,4,8,0,0.01972
在线装箱问题,8代岛,2,4,8,1,0.01972
在线装箱问题,8代岛,2,4,8,2,0.01972
在线装箱问题,8代岛,2,4,8,3,0.01972
在线装箱问题,8代岛,2,4,8,4,0.01972
在线装箱问题,8代岛,2,4,8,5,0.01972
在线装箱问题,8代岛,2,4,8,6,0.01972
在线装箱问题,8代岛,2,4,8,7,0.01972
在线装箱问题,8代岛,2,4,8,8,0.01972
在线装箱问题,8代岛,2,40,8,0,0.89597
在线装箱问题,8代岛,2,40,8,1,0.89597
在线装箱问题,8代岛,2,40,8,2,0.03984
在线装箱问题,8代岛,2,40,8,3,0.03693
在线装箱问题,8代岛,2,40,8,4,0.03693
在线装箱问题,8代岛,2,40,8,5,0.03693
在线装箱问题,8代岛,2,40,8,6,0.03693
在线装箱问题,8代岛,2,40,8,7,0.03693
在线装箱问题,8代岛,2,40,8,8,0.03693
在线装箱问题,8代岛,2,41,8,0,0.03964
在线装箱问题,8代岛,2,41,8,1,0.03964
在线装箱问题,8代岛,2,41,8,2,0.03964
在线装箱问题,8代岛,2,41,8,3,0.03964
在线装箱问题,8代岛,2,41,8,4,0.03964
在线装箱问题,8代岛,2,41,8,5,0.03964
在线装箱问题,8代岛,2,41,8,6,0.03964
在线装箱问题,8代岛,2,41,8,7,0.03713
在线装箱问题,8代岛,2,41,8,8,0.03713
在线装箱问题,8代岛,2,42,8,0,0.04397
在线装箱问题,8代岛,2,42,8,1,0.03994
在线装箱问题,8代岛,2,42,8,2,0.03994
在线装箱问题,8代岛,2,42,8,3,0.03984
在线装箱问题,8代岛,2,42,8,4,0.03984
在线装箱问题,8代岛,2,42,8,5,0.03984
在线装箱问题,8代岛,2,42,8,6,0.03984
在线装箱问题,8代岛,2,42,8,7,0.03984
在线装箱问题,8代岛,2,42,8,8,0.03984
在线装箱问题,8代岛,2,5,8,0,0.02898
在线装箱问题,8代岛,2,5,8,1,0.02898
在线装箱问题,8代岛,2,5,8,2,0.02898
在线装箱问题,8代岛,2,5,8,3,0.02898
在线装箱问题,8代岛,2,5,8,4,0.02898
在线装箱问题,8代岛,2,5,8,5,0.02535
在线装箱问题,8代岛,2,5,8,6,0.02455
在线装箱问题,8代岛,2,5,8,7,0.02455
在线装箱问题,8代岛,2,5,8,8,0.02455
在线装箱问题,8代岛,2,6,8,0,0.03984
在线装箱问题,8代岛,2,6,8,1,0.03984
在线装箱问题,8代岛,2,6,8,2,0.03954
在线装箱问题,8代岛,2,6,8,3,0.03954
在线装箱问题,8代岛,2,6,8,4,0.03813
在线装箱问题,8代岛,2,6,8,5,0.03813
在线装箱问题,8代岛,2,6,8,6,0.03813
在线装箱问题,8代岛,2,6,8,7,0.03813
在线装箱问题,8代岛,2,6,8,8,0.03813
在线装箱问题,8代岛,2,8,8,0,0.03984
在线装箱问题,8代岛,2,8,8,1,0.03984
在线装箱问题,8代岛,2,8,8,2,0.03984
在线装箱问题,8代岛,2,8,8,3,0.03984
在线装箱问题,8代岛,2,8,8,4,0.03984
在线装箱问题,8代岛,2,8,8,5,0.03984
在线装箱问题,8代岛,2,8,8,6,0.03984
在线装箱问题,8代岛,2,8,8,7,0.03984
在线装箱问题,8代岛,2,8,8,8,0.03984
在线装箱问题,8代岛,2,9,8,0,0.03984
在线装箱问题,8代岛,2,9,8,1,0.03984
在线装箱问题,8代岛,2,9,8,2,0.03984
在线装箱问题,8代岛,2,9,8,3,0.03944
在线装箱问题,8代岛,2,9,8,4,0.03763
在线装箱问题,8代岛,2,9,8,5,0.03763
在线装箱问题,8代岛,2,9,8,6,0.03763
在线装箱问题,8代岛,2,9,8,7,0.03763
在线装箱问题,8代岛,2,9,8,8,0.03763
容量约束车辆路径问题,8代岛,2,1,8,0,13.08244
容量约束车辆路径问题,8代岛,2,1,8,1,13.08244
容量约束车辆路径问题,8代岛,2,1,8,2,13.03605
容量约束车辆路径问题,8代岛,2,1,8,3,12.97506
容量约束车辆路径问题,8代岛,2,1,8,4,12.97506
容量约束车辆路径问题,8代岛,2,1,8,5,12.80666
容量约束车辆路径问题,8代岛,2,1,8,6,12.80666
容量约束车辆路径问题,8代岛,2,1,8,7,12.80666
容量约束车辆路径问题,8代岛,2,1,8,8,12.80666
容量约束车辆路径问题,8代岛,2,10,8,0,13.03297
容量约束车辆路径问题,8代岛,2,10,8,1,13.03297
容量约束车辆路径问题,8代岛,2,10,8,2,12.77028
容量约束车辆路径问题,8代岛,2,10,8,3,12.77028
容量约束车辆路径问题,8代岛,2,10,8,4,12.74221
容量约束车辆路径问题,8代岛,2,10,8,5,12.74221
容量约束车辆路径问题,8代岛,2,10,8,6,12.74221
容量约束车辆路径问题,8代岛,2,10,8,7,12.74221
容量约束车辆路径问题,8代岛,2,10,8,8,12.74221
容量约束车辆路径问题,8代岛,2,11,8,0,12.86269
容量约束车辆路径问题,8代岛,2,11,8,1,12.86269
容量约束车辆路径问题,8代岛,2,11,8,2,12.86269
容量约束车辆路径问题,8代岛,2,11,8,3,12.74437
容量约束车辆路径问题,8代岛,2,11,8,4,12.74437
容量约束车辆路径问题,8代岛,2,11,8,5,12.74437
容量约束车辆路径问题,8代岛,2,11,8,6,12.74437
容量约束车辆路径问题,8代岛,2,11,8,7,12.74437
容量约束车辆路径问题,8代岛,2,11,8,8,12.74437
容量约束车辆路径问题,8代岛,2,12,8,0,12.87913
容量约束车辆路径问题,8代岛,2,12,8,1,12.86269
容量约束车辆路径问题,8代岛,2,12,8,2,12.86269
容量约束车辆路径问题,8代岛,2,12,8,3,12.86269
容量约束车辆路径问题,8代岛,2,12,8,4,12.86269
容量约束车辆路径问题,8代岛,2,12,8,5,12.86269
容量约束车辆路径问题,8代岛,2,12,8,6,12.86269
容量约束车辆路径问题,8代岛,2,12,8,7,12.86269
容量约束车辆路径问题,8代岛,2,12,8,8,12.86269
容量约束车辆路径问题,8代岛,2,13,8,0,13.18301
容量约束车辆路径问题,8代岛,2,13,8,1,13.18301
容量约束车辆路径问题,8代岛,2,13,8,2,13.18301
容量约束车辆路径问题,8代岛,2,13,8,3,13.1713
容量约束车辆路径问题,8代岛,2,13,8,4,13.1713
容量约束车辆路径问题,8代岛,2,13,8,5,13.1713
容量约束车辆路径问题,8代岛,2,13,8,6,13.16925
容量约束车辆路径问题,8代岛,2,13,8,7,13.16925
容量约束车辆路径问题,8代岛,2,13,8,8,12.72575
容量约束车辆路径问题,8代岛,2,14,8,0,13.28321
容量约束车辆路径问题,8代岛,2,14,8,1,13.28321
容量约束车辆路径问题,8代岛,2,14,8,2,13.28321
容量约束车辆路径问题,8代岛,2,14,8,3,13.28321
容量约束车辆路径问题,8代岛,2,14,8,4,13.15609
容量约束车辆路径问题,8代岛,2,14,8,5,13.15609
容量约束车辆路径问题,8代岛,2,14,8,6,13.15609
容量约束车辆路径问题,8代岛,2,14,8,7,13.15609
容量约束车辆路径问题,8代岛,2,14,8,8,13.15609
容量约束车辆路径问题,8代岛,2,15,8,0,13.28321
容量约束车辆路径问题,8代岛,2,15,8,1,13.28321
容量约束车辆路径问题,8代岛,2,15,8,2,13.08002
容量约束车辆路径问题,8代岛,2,15,8,3,13.08002
容量约束车辆路径问题,8代岛,2,15,8,4,13.01154
容量约束车辆路径问题,8代岛,2,15,8,5,13.01154
容量约束车辆路径问题,8代岛,2,15,8,6,13.01154
容量约束车辆路径问题,8代岛,2,15,8,7,12.92808
容量约束车辆路径问题,8代岛,2,15,8,8,12.77736
容量约束车辆路径问题,8代岛,2,16,8,0,13.28321
容量约束车辆路径问题,8代岛,2,16,8,1,13.28321
容量约束车辆路径问题,8代岛,2,16,8,2,13.23646
容量约束车辆路径问题,8代岛,2,16,8,3,13.2301
容量约束车辆路径问题,8代岛,2,16,8,4,13.2301
容量约束车辆路径问题,8代岛,2,16,8,5,12.93468
容量约束车辆路径问题,8代岛,2,16,8,6,12.93468
容量约束车辆路径问题,8代岛,2,16,8,7,12.78619
容量约束车辆路径问题,8代岛,2,16,8,8,12.78619
容量约束车辆路径问题,8代岛,2,17,8,0,13.28321
容量约束车辆路径问题,8代岛,2,17,8,1,13.28321
容量约束车辆路径问题,8代岛,2,17,8,2,13.28321
容量约束车辆路径问题,8代岛,2,17,8,3,13.0373
容量约束车辆路径问题,8代岛,2,17,8,4,13.03297
容量约束车辆路径问题,8代岛,2,17,8,5,13.03297
容量约束车辆路径问题,8代岛,2,17,8,6,13.03297
容量约束车辆路径问题,8代岛,2,17,8,7,12.98775
容量约束车辆路径问题,8代岛,2,17,8,8,12.98775
容量约束车辆路径问题,8代岛,2,18,8,0,13.28321
容量约束车辆路径问题,8代岛,2,18,8,1,13.08244
容量约束车辆路径问题,8代岛,2,18,8,2,13.03297
容量约束车辆路径问题,8代岛,2,18,8,3,13.03297
容量约束车辆路径问题,8代岛,2,18,8,4,13.03297
容量约束车辆路径问题,8代岛,2,18,8,5,13.03297
容量约束车辆路径问题,8代岛,2,18,8,6,13.03297
容量约束车辆路径问题,8代岛,2,18,8,7,13.03297
容量约束车辆路径问题,8代岛,2,18,8,8,13.03297
容量约束车辆路径问题,8代岛,2,19,8,0,12.86269
容量约束车辆路径问题,8代岛,2,19,8,1,12.86269
容量约束车辆路径问题,8代岛,2,19,8,2,12.86269
容量约束车辆路径问题,8代岛,2,19,8,3,12.86269
容量约束车辆路径问题,8代岛,2,19,8,4,12.86269
容量约束车辆路径问题,8代岛,2,19,8,5,12.86269
容量约束车辆路径问题,8代岛,2,19,8,6,12.86269
容量约束车辆路径问题,8代岛,2,19,8,7,12.86269
容量约束车辆路径问题,8代岛,2,19,8,8,12.86269
容量约束车辆路径问题,8代岛,2,2,8,0,13.56371
容量约束车辆路径问题,8代岛,2,2,8,1,13.56371
容量约束车辆路径问题,8代岛,2,2,8,2,13.56371
容量约束车辆路径问题,8代岛,2,2,8,3,13.56371
容量约束车辆路径问题,8代岛,2,2,8,4,13.23646
容量约束车辆路径问题,8代岛,2,2,8,5,13.23646
容量约束车辆路径问题,8代岛,2,2,8,6,13.23646
容量约束车辆路径问题,8代岛,2,2,8,7,13.23646
容量约束车辆路径问题,8代岛,2,2,8,8,13.23646
容量约束车辆路径问题,8代岛,2,20,8,0,12.86269
容量约束车辆路径问题,8代岛,2,20,8,1,12.86269
容量约束车辆路径问题,8代岛,2,20,8,2,12.86269
容量约束车辆路径问题,8代岛,2,20,8,3,12.86269
容量约束车辆路径问题,8代岛,2,20,8,4,12.81921
容量约束车辆路径问题,8代岛,2,20,8,5,12.81921
容量约束车辆路径问题,8代岛,2,20,8,6,12.80236
容量约束车辆路径问题,8代岛,2,20,8,7,12.70923
容量约束车辆路径问题,8代岛,2,20,8,8,12.70923
容量约束车辆路径问题,8代岛,2,21,8,0,13.61078
容量约束车辆路径问题,8代岛,2,21,8,1,13.56397
容量约束车辆路径问题,8代岛,2,21,8,2,13.56397
容量约束车辆路径问题,8代岛,2,21,8,3,13.4865
容量约束车辆路径问题,8代岛,2,21,8,4,13.23646
容量约束车辆路径问题,8代岛,2,21,8,5,13.23646
容量约束车辆路径问题,8代岛,2,21,8,6,13.23646
容量约束车辆路径问题,8代岛,2,21,8,7,13.23646
容量约束车辆路径问题,8代岛,2,21,8,8,13.23646
容量约束车辆路径问题,8代岛,2,22,8,0,12.86502
容量约束车辆路径问题,8代岛,2,22,8,1,12.86502
容量约束车辆路径问题,8代岛,2,22,8,2,12.81139
容量约束车辆路径问题,8代岛,2,22,8,3,12.81139
容量约束车辆路径问题,8代岛,2,22,8,4,12.81139
容量约束车辆路径问题,8代岛,2,22,8,5,12.63465
容量约束车辆路径问题,8代岛,2,22,8,6,12.63465
容量约束车辆路径问题,8代岛,2,22,8,7,12.63465
容量约束车辆路径问题,8代岛,2,22,8,8,12.63465
容量约束车辆路径问题,8代岛,2,23,8,0,13.11237
容量约束车辆路径问题,8代岛,2,23,8,1,13.11237
容量约束车辆路径问题,8代岛,2,23,8,2,13.11237
容量约束车辆路径问题,8代岛,2,23,8,3,12.82542
容量约束车辆路径问题,8代岛,2,23,8,4,12.82542
容量约束车辆路径问题,8代岛,2,23,8,5,12.82542
容量约束车辆路径问题,8代岛,2,23,8,6,12.82542
容量约束车辆路径问题,8代岛,2,23,8,7,12.82542
容量约束车辆路径问题,8代岛,2,23,8,8,12.82542
容量约束车辆路径问题,8代岛,2,24,8,0,13.28321
容量约束车辆路径问题,8代岛,2,24,8,1,13.28321
容量约束车辆路径问题,8代岛,2,24,8,2,13.28321
容量约束车辆路径问题,8代岛,2,24,8,3,13.08244
容量约束车辆路径问题,8代岛,2,24,8,4,13.08244
容量约束车辆路径问题,8代岛,2,24,8,5,13.08244
容量约束车辆路径问题,8代岛,2,24,8,6,13.08244
容量约束车辆路径问题,8代岛,2,24,8,7,13.08244
容量约束车辆路径问题,8代岛,2,24,8,8,13.03297
容量约束车辆路径问题,8代岛,2,25,8,0,13.26727
容量约束车辆路径问题,8代岛,2,25,8,1,13.26727
容量约束车辆路径问题,8代岛,2,25,8,2,13.26727
容量约束车辆路径问题,8代岛,2,25,8,3,13.26727
容量约束车辆路径问题,8代岛,2,25,8,4,13.23646
容量约束车辆路径问题,8代岛,2,25,8,5,13.23646
容量约束车辆路径问题,8代岛,2,25,8,6,13.23646
容量约束车辆路径问题,8代岛,2,25,8,7,13.061
容量约束车辆路径问题,8代岛,2,25,8,8,13.061
容量约束车辆路径问题,8代岛,2,26,8,0,13.27035
容量约束车辆路径问题,8代岛,2,26,8,1,13.27035
容量约束车辆路径问题,8代岛,2,26,8,2,13.27035
容量约束车辆路径问题,8代岛,2,26,8,3,13.07762
容量约束车辆路径问题,8代岛,2,26,8,4,13.07762
容量约束车辆路径问题,8代岛,2,26,8,5,13.07762
容量约束车辆路径问题,8代岛,2,26,8,6,13.07762
容量约束车辆路径问题,8代岛,2,26,8,7,13.07762
容量约束车辆路径问题,8代岛,2,26,8,8,13.03642
容量约束车辆路径问题,8代岛,2,27,8,0,12.86269
容量约束车辆路径问题,8代岛,2,27,8,1,12.86269
容量约束车辆路径问题,8代岛,2,27,8,2,12.86269
容量约束车辆路径问题,8代岛,2,27,8,3,12.86269
容量约束车辆路径问题,8代岛,2,27,8,4,12.86269
容量约束车辆路径问题,8代岛,2,27,8,5,12.86269
容量约束车辆路径问题,8代岛,2,27,8,6,12.86269
容量约束车辆路径问题,8代岛,2,27,8,7,12.74501
容量约束车辆路径问题,8代岛,2,27,8,8,12.74501
容量约束车辆路径问题,8代岛,2,28,8,0,13.08829
容量约束车辆路径问题,8代岛,2,28,8,1,13.08829
容量约束车辆路径问题,8代岛,2,28,8,2,13.08829
容量约束车辆路径问题,8代岛,2,28,8,3,13.08244
容量约束车辆路径问题,8代岛,2,28,8,4,13.08244
容量约束车辆路径问题,8代岛,2,28,8,5,12.74228
容量约束车辆路径问题,8代岛,2,28,8,6,12.74228
容量约束车辆路径问题,8代岛,2,28,8,7,12.74228
容量约束车辆路径问题,8代岛,2,28,8,8,12.74228
容量约束车辆路径问题,8代岛,2,29,8,0,12.9381
容量约束车辆路径问题,8代岛,2,29,8,1,12.9381
容量约束车辆路径问题,8代岛,2,29,8,2,12.9381
容量约束车辆路径问题,8代岛,2,29,8,3,12.9381
容量约束车辆路径问题,8代岛,2,29,8,4,12.9381
容量约束车辆路径问题,8代岛,2,29,8,5,12.9381
容量约束车辆路径问题,8代岛,2,29,8,6,12.9381
容量约束车辆路径问题,8代岛,2,29,8,7,12.9381
容量约束车辆路径问题,8代岛,2,29,8,8,12.9381
容量约束车辆路径问题,8代岛,2,3,8,0,13.28321
容量约束车辆路径问题,8代岛,2,3,8,1,12.82578
容量约束车辆路径问题,8代岛,2,3,8,2,12.82578
容量约束车辆路径问题,8代岛,2,3,8,3,12.82578
容量约束车辆路径问题,8代岛,2,3,8,4,12.82578
容量约束车辆路径问题,8代岛,2,3,8,5,12.82578
容量约束车辆路径问题,8代岛,2,3,8,6,12.82578
容量约束车辆路径问题,8代岛,2,3,8,7,12.82578
容量约束车辆路径问题,8代岛,2,3,8,8,12.81494
容量约束车辆路径问题,8代岛,2,30,8,0,13.03605
容量约束车辆路径问题,8代岛,2,30,8,1,12.5679
容量约束车辆路径问题,8代岛,2,30,8,2,12.5679
容量约束车辆路径问题,8代岛,2,30,8,3,12.5679
容量约束车辆路径问题,8代岛,2,30,8,4,12.5679
容量约束车辆路径问题,8代岛,2,30,8,5,12.5679
容量约束车辆路径问题,8代岛,2,30,8,6,12.5679
容量约束车辆路径问题,8代岛,2,30,8,7,12.5679
容量约束车辆路径问题,8代岛,2,30,8,8,12.5679
容量约束车辆路径问题,8代岛,2,31,8,0,13.28321
容量约束车辆路径问题,8代岛,2,31,8,1,13.28321
容量约束车辆路径问题,8代岛,2,31,8,2,13.28321
容量约束车辆路径问题,8代岛,2,31,8,3,13.28321
容量约束车辆路径问题,8代岛,2,31,8,4,13.28321
容量约束车辆路径问题,8代岛,2,31,8,5,12.92812
容量约束车辆路径问题,8代岛,2,31,8,6,12.92812
容量约束车辆路径问题,8代岛,2,31,8,7,12.84782
容量约束车辆路径问题,8代岛,2,31,8,8,12.84782
容量约束车辆路径问题,8代岛,2,32,8,0,13.28321
容量约束车辆路径问题,8代岛,2,32,8,1,13.28321
容量约束车辆路径问题,8代岛,2,32,8,2,13.19456
容量约束车辆路径问题,8代岛,2,32,8,3,12.86269
容量约束车辆路径问题,8代岛,2,32,8,4,12.4329
容量约束车辆路径问题,8代岛,2,32,8,5,12.4329
容量约束车辆路径问题,8代岛,2,32,8,6,12.4329
容量约束车辆路径问题,8代岛,2,32,8,7,12.4329
容量约束车辆路径问题,8代岛,2,32,8,8,12.4329
容量约束车辆路径问题,8代岛,2,33,8,0,13.28321
容量约束车辆路径问题,8代岛,2,33,8,1,12.61469
容量约束车辆路径问题,8代岛,2,33,8,2,12.61469
容量约束车辆路径问题,8代岛,2,33,8,3,12.61469
容量约束车辆路径问题,8代岛,2,33,8,4,12.61469
容量约束车辆路径问题,8代岛,2,33,8,5,12.61469
容量约束车辆路径问题,8代岛,2,33,8,6,12.61469
容量约束车辆路径问题,8代岛,2,33,8,7,12.61469
容量约束车辆路径问题,8代岛,2,33,8,8,12.60989
容量约束车辆路径问题,8代岛,2,34,8,0,13.28321
容量约束车辆路径问题,8代岛,2,34,8,1,13.28321
容量约束车辆路径问题,8代岛,2,34,8,2,13.28321
容量约束车辆路径问题,8代岛,2,34,8,3,12.87913
容量约束车辆路径问题,8代岛,2,34,8,4,12.87913
容量约束车辆路径问题,8代岛,2,34,8,5,12.87913
容量约束车辆路径问题,8代岛,2,34,8,6,12.83438
容量约束车辆路径问题,8代岛,2,34,8,7,12.80881
容量约束车辆路径问题,8代岛,2,34,8,8,12.80881
容量约束车辆路径问题,8代岛,2,35,8,0,13.28321
容量约束车辆路径问题,8代岛,2,35,8,1,13.28321
容量约束车辆路径问题,8代岛,2,35,8,2,13.03297
容量约束车辆路径问题,8代岛,2,35,8,3,13.03297
容量约束车辆路径问题,8代岛,2,35,8,4,13.03297
容量约束车辆路径问题,8代岛,2,35,8,5,12.92808
容量约束车辆路径问题,8代岛,2,35,8,6,12.90758
容量约束车辆路径问题,8代岛,2,35,8,7,12.90758
容量约束车辆路径问题,8代岛,2,35,8,8,12.90758
容量约束车辆路径问题,8代岛,2,36,8,0,13.28321
容量约束车辆路径问题,8代岛,2,36,8,1,13.15993
容量约束车辆路径问题,8代岛,2,36,8,2,13.09132
容量约束车辆路径问题,8代岛,2,36,8,3,12.92812
容量约束车辆路径问题,8代岛,2,36,8,4,12.92812
容量约束车辆路径问题,8代岛,2,36,8,5,12.73865
容量约束车辆路径问题,8代岛,2,36,8,6,12.73865
容量约束车辆路径问题,8代岛,2,36,8,7,12.73865
容量约束车辆路径问题,8代岛,2,36,8,8,12.73865
容量约束车辆路径问题,8代岛,2,4,8,0,12.86269
容量约束车辆路径问题,8代岛,2,4,8,1,12.86269
容量约束车辆路径问题,8代岛,2,4,8,2,12.86269
容量约束车辆路径问题,8代岛,2,4,8,3,12.5481
容量约束车辆路径问题,8代岛,2,4,8,4,12.5481
容量约束车辆路径问题,8代岛,2,4,8,5,12.5481
容量约束车辆路径问题,8代岛,2,4,8,6,12.5481
容量约束车辆路径问题,8代岛,2,4,8,7,12.5481
容量约束车辆路径问题,8代岛,2,4,8,8,12.5481
容量约束车辆路径问题,8代岛,2,5,8,0,13.09132
容量约束车辆路径问题,8代岛,2,5,8,1,13.03297
容量约束车辆路径问题,8代岛,2,5,8,2,12.83269
容量约束车辆路径问题,8代岛,2,5,8,3,12.83269
容量约束车辆路径问题,8代岛,2,5,8,4,12.83269
容量约束车辆路径问题,8代岛,2,5,8,5,12.82069
容量约束车辆路径问题,8代岛,2,5,8,6,12.82069
容量约束车辆路径问题,8代岛,2,5,8,7,12.82069
容量约束车辆路径问题,8代岛,2,5,8,8,12.82069
容量约束车辆路径问题,8代岛,2,6,8,0,13.61078
容量约束车辆路径问题,8代岛,2,6,8,1,13.56371
容量约束车辆路径问题,8代岛,2,6,8,2,13.56371
容量约束车辆路径问题,8代岛,2,6,8,3,13.23646
容量约束车辆路径问题,8代岛,2,6,8,4,13.23646
容量约束车辆路径问题,8代岛,2,6,8,5,13.23646
容量约束车辆路径问题,8代岛,2,6,8,6,13.23646
容量约束车辆路径问题,8代岛,2,6,8,7,12.98296
容量约束车辆路径问题,8代岛,2,6,8,8,12.98296
容量约束车辆路径问题,8代岛,2,7,8,0,12.96176
容量约束车辆路径问题,8代岛,2,7,8,1,12.96176
容量约束车辆路径问题,8代岛,2,7,8,2,12.96176
容量约束车辆路径问题,8代岛,2,7,8,3,12.907
容量约束车辆路径问题,8代岛,2,7,8,4,12.907
容量约束车辆路径问题,8代岛,2,7,8,5,12.907
容量约束车辆路径问题,8代岛,2,7,8,6,12.907
容量约束车辆路径问题,8代岛,2,7,8,7,12.907
容量约束车辆路径问题,8代岛,2,7,8,8,12.907
容量约束车辆路径问题,8代岛,2,8,8,0,12.93749
容量约束车辆路径问题,8代岛,2,8,8,1,12.93749
容量约束车辆路径问题,8代岛,2,8,8,2,12.93749
容量约束车辆路径问题,8代岛,2,8,8,3,12.93749
容量约束车辆路径问题,8代岛,2,8,8,4,12.93749
容量约束车辆路径问题,8代岛,2,8,8,5,12.93749
容量约束车辆路径问题,8代岛,2,8,8,6,12.93749
容量约束车辆路径问题,8代岛,2,8,8,7,12.93749
容量约束车辆路径问题,8代岛,2,8,8,8,12.71318
容量约束车辆路径问题,8代岛,2,9,8,0,13.28106
容量约束车辆路径问题,8代岛,2,9,8,1,13.03297
容量约束车辆路径问题,8代岛,2,9,8,2,13.03297
容量约束车辆路径问题,8代岛,2,9,8,3,13.03297
容量约束车辆路径问题,8代岛,2,9,8,4,13.03297
容量约束车辆路径问题,8代岛,2,9,8,5,13.03297
容量约束车辆路径问题,8代岛,2,9,8,6,13.03297
容量约束车辆路径问题,8代岛,2,9,8,7,13.03297
容量约束车辆路径问题,8代岛,2,9,8,8,12.86524
旅行商问题,8代岛,2,1,8,0,7.19415
旅行商问题,8代岛,2,1,8,1,6.69585
旅行商问题,8代岛,2,1,8,2,6.69585
旅行商问题,8代岛,2,1,8,3,6.69585
旅行商问题,8代岛,2,1,8,4,6.69585
旅行商问题,8代岛,2,1,8,5,6.59027
旅行商问题,8代岛,2,1,8,6,6.58941
旅行商问题,8代岛,2,1,8,7,6.58941
旅行商问题,8代岛,2,1,8,8,6.58941
旅行商问题,8代岛,2,10,8,0,6.23281
旅行商问题,8代岛,2,10,8,1,6.23281
旅行商问题,8代岛,2,10,8,2,6.23281
旅行商问题,8代岛,2,10,8,3,6.23281
旅行商问题,8代岛,2,10,8,4,6.13566
旅行商问题,8代岛,2,10,8,5,6.13566
旅行商问题,8代岛,2,10,8,6,6.13566
旅行商问题,8代岛,2,10,8,7,6.13566
旅行商问题,8代岛,2,10,8,8,6.13566
旅行商问题,8代岛,2,11,8,0,6.44821
旅行商问题,8代岛,2,11,8,1,6.38829
旅行商问题,8代岛,2,11,8,2,6.38829
旅行商问题,8代岛,2,11,8,3,6.38829
旅行商问题,8代岛,2,11,8,4,6.38829
旅行商问题,8代岛,2,11,8,5,6.38829
旅行商问题,8代岛,2,11,8,6,6.38829
旅行商问题,8代岛,2,11,8,7,6.23281
旅行商问题,8代岛,2,11,8,8,6.23281
旅行商问题,8代岛,2,12,8,0,6.60788
旅行商问题,8代岛,2,12,8,1,6.31369
旅行商问题,8代岛,2,12,8,2,6.31369
旅行商问题,8代岛,2,12,8,3,6.31369
旅行商问题,8代岛,2,12,8,4,6.31369
旅行商问题,8代岛,2,12,8,5,6.31369
旅行商问题,8代岛,2,12,8,6,6.31369
旅行商问题,8代岛,2,12,8,7,6.31369
旅行商问题,8代岛,2,12,8,8,6.31369
旅行商问题,8代岛,2,13,8,0,7.84739
旅行商问题,8代岛,2,13,8,1,6.75068
旅行商问题,8代岛,2,13,8,2,6.75068
旅行商问题,8代岛,2,13,8,3,6.34985
旅行商问题,8代岛,2,13,8,4,6.34985
旅行商问题,8代岛,2,13,8,5,6.34985
旅行商问题,8代岛,2,13,8,6,6.34985
旅行商问题,8代岛,2,13,8,7,6.34985
旅行商问题,8代岛,2,13,8,8,6.34985
旅行商问题,8代岛,2,14,8,0,6.39559
旅行商问题,8代岛,2,14,8,1,6.30341
旅行商问题,8代岛,2,14,8,2,6.30341
旅行商问题,8代岛,2,14,8,3,6.19629
旅行商问题,8代岛,2,14,8,4,6.19629
旅行商问题,8代岛,2,14,8,5,6.19188
旅行商问题,8代岛,2,14,8,6,6.19188
旅行商问题,8代岛,2,14,8,7,6.19188
旅行商问题,8代岛,2,14,8,8,6.19188
旅行商问题,8代岛,2,15,8,0,6.60592
旅行商问题,8代岛,2,15,8,1,6.60592
旅行商问题,8代岛,2,15,8,2,6.60592
旅行商问题,8代岛,2,15,8,3,6.60592
旅行商问题,8代岛,2,15,8,4,6.34985
旅行商问题,8代岛,2,15,8,5,6.34985
旅行商问题,8代岛,2,15,8,6,6.34985
旅行商问题,8代岛,2,15,8,7,6.34985
旅行商问题,8代岛,2,15,8,8,6.34985
旅行商问题,8代岛,2,16,8,0,6.07672
旅行商问题,8代岛,2,16,8,1,6.07672
旅行商问题,8代岛,2,16,8,2,6.07672
旅行商问题,8代岛,2,16,8,3,6.07672
旅行商问题,8代岛,2,16,8,4,6.07672
旅行商问题,8代岛,2,16,8,5,6.07672
旅行商问题,8代岛,2,16,8,6,6.07672
旅行商问题,8代岛,2,16,8,7,6.07672
旅行商问题,8代岛,2,16,8,8,6.07672
旅行商问题,8代岛,2,17,8,0,7.31099
旅行商问题,8代岛,2,17,8,1,6.54645
旅行商问题,8代岛,2,17,8,2,6.54645
旅行商问题,8代岛,2,17,8,3,6.54645
旅行商问题,8代岛,2,17,8,4,6.54243
旅行商问题,8代岛,2,17,8,5,6.36101
旅行商问题,8代岛,2,17,8,6,6.36101
旅行商问题,8代岛,2,17,8,7,6.36101
旅行商问题,8代岛,2,17,8,8,6.36101
旅行商问题,8代岛,2,18,8,0,6.57195
旅行商问题,8代岛,2,18,8,1,6.57195
旅行商问题,8代岛,2,18,8,2,6.57195
旅行商问题,8代岛,2,18,8,3,6.57195
旅行商问题,8代岛,2,18,8,4,6.57195
旅行商问题,8代岛,2,18,8,5,6.49155
旅行商问题,8代岛,2,18,8,6,6.49155
旅行商问题,8代岛,2,18,8,7,6.49155
旅行商问题,8代岛,2,18,8,8,6.49155
旅行商问题,8代岛,2,19,8,0,6.40405
旅行商问题,8代岛,2,19,8,1,6.40405
旅行商问题,8代岛,2,19,8,2,6.39286
旅行商问题,8代岛,2,19,8,3,6.39286
旅行商问题,8代岛,2,19,8,4,6.39286
旅行商问题,8代岛,2,19,8,5,6.38099
旅行商问题,8代岛,2,19,8,6,6.38099
旅行商问题,8代岛,2,19,8,7,6.38099
旅行商问题,8代岛,2,19,8,8,6.38099
旅行商问题,8代岛,2,2,8,0,6.07672
旅行商问题,8代岛,2,2,8,1,6.07672
旅行商问题,8代岛,2,2,8,2,6.07672
旅行商问题,8代岛,2,2,8,3,6.07672
旅行商问题,8代岛,2,2,8,4,6.07672
旅行商问题,8代岛,2,2,8,5,6.07672
旅行商问题,8代岛,2,2,8,6,6.07672
旅行商问题,8代岛,2,2,8,7,6.07672
旅行商问题,8代岛,2,2,8,8,6.07672
旅行商问题,8代岛,2,20,8,0,6.91663
旅行商问题,8代岛,2,20,8,1,6.91663
旅行商问题,8代岛,2,20,8,2,6.60788
旅行商问题,8代岛,2,20,8,3,6.60788
旅行商问题,8代岛,2,20,8,4,6.36926
旅行商问题,8代岛,2,20,8,5,6.36926
旅行商问题,8代岛,2,20,8,6,6.36926
旅行商问题,8代岛,2,20,8,7,6.36926
旅行商问题,8代岛,2,20,8,8,6.36926
旅行商问题,8代岛,2,21,8,0,6.57514
旅行商问题,8代岛,2,21,8,1,6.57514
旅行商问题,8代岛,2,21,8,2,6.53004
旅行商问题,8代岛,2,21,8,3,6.53004
旅行商问题,8代岛,2,21,8,4,6.53004
旅行商问题,8代岛,2,21,8,5,6.38526
旅行商问题,8代岛,2,21,8,6,6.38526
旅行商问题,8代岛,2,21,8,7,6.38526
旅行商问题,8代岛,2,21,8,8,6.38526
旅行商问题,8代岛,2,22,8,0,6.36298
旅行商问题,8代岛,2,22,8,1,6.36298
旅行商问题,8代岛,2,22,8,2,6.36298
旅行商问题,8代岛,2,22,8,3,6.36298
旅行商问题,8代岛,2,22,8,4,6.36298
旅行商问题,8代岛,2,22,8,5,6.36298
旅行商问题,8代岛,2,22,8,6,6.36298
旅行商问题,8代岛,2,22,8,7,6.2001
旅行商问题,8代岛,2,22,8,8,6.2001
旅行商问题,8代岛,2,23,8,0,6.39694
旅行商问题,8代岛,2,23,8,1,6.39694
旅行商问题,8代岛,2,23,8,2,6.39694
旅行商问题,8代岛,2,23,8,3,6.30341
旅行商问题,8代岛,2,23,8,4,6.30341
旅行商问题,8代岛,2,23,8,5,6.30341
旅行商问题,8代岛,2,23,8,6,6.30341
旅行商问题,8代岛,2,23,8,7,6.30341
旅行商问题,8代岛,2,23,8,8,6.30341
旅行商问题,8代岛,2,24,8,0,6.63882
旅行商问题,8代岛,2,24,8,1,6.63882
旅行商问题,8代岛,2,24,8,2,6.63882
旅行商问题,8代岛,2,24,8,3,6.63882
旅行商问题,8代岛,2,24,8,4,6.63882
旅行商问题,8代岛,2,24,8,5,6.56771
旅行商问题,8代岛,2,24,8,6,6.56771
旅行商问题,8代岛,2,24,8,7,6.47872
旅行商问题,8代岛,2,24,8,8,6.47872
旅行商问题,8代岛,2,25,8,0,6.49988
旅行商问题,8代岛,2,25,8,1,6.49988
旅行商问题,8代岛,2,25,8,2,6.49988
旅行商问题,8代岛,2,25,8,3,6.4014
旅行商问题,8代岛,2,25,8,4,6.4014
旅行商问题,8代岛,2,25,8,5,6.4014
旅行商问题,8代岛,2,25,8,6,6.4014
旅行商问题,8代岛,2,25,8,7,6.4014
旅行商问题,8代岛,2,25,8,8,6.40012
旅行商问题,8代岛,2,26,8,0,6.5198
旅行商问题,8代岛,2,26,8,1,6.5198
旅行商问题,8代岛,2,26,8,2,6.5198
旅行商问题,8代岛,2,26,8,3,6.5198
旅行商问题,8代岛,2,26,8,4,6.5198
旅行商问题,8代岛,2,26,8,5,6.5198
旅行商问题,8代岛,2,26,8,6,6.5198
旅行商问题,8代岛,2,26,8,7,6.5198
旅行商问题,8代岛,2,26,8,8,6.5198
旅行商问题,8代岛,2,27,8,0,6.36298
旅行商问题,8代岛,2,27,8,1,6.36298
旅行商问题,8代岛,2,27,8,2,6.34985
旅行商问题,8代岛,2,27,8,3,6.34985
旅行商问题,8代岛,2,27,8,4,6.28169
旅行商问题,8代岛,2,27,8,5,6.28169
旅行商问题,8代岛,2,27,8,6,6.28169
旅行商问题,8代岛,2,27,8,7,6.2664
旅行商问题,8代岛,2,27,8,8,6.2664
旅行商问题,8代岛,2,28,8,0,6.07672
旅行商问题,8代岛,2,28,8,1,6.07672
旅行商问题,8代岛,2,28,8,2,6.07672
旅行商问题,8代岛,2,28,8,3,6.07672
旅行商问题,8代岛,2,28,8,4,6.07672
旅行商问题,8代岛,2,28,8,5,6.07672
旅行商问题,8代岛,2,28,8,6,6.07672
旅行商问题,8代岛,2,28,8,7,6.07672
旅行商问题,8代岛,2,28,8,8,6.07672
旅行商问题,8代岛,2,29,8,0,7.60484
旅行商问题,8代岛,2,29,8,1,6.90693
旅行商问题,8代岛,2,29,8,2,6.60788
旅行商问题,8代岛,2,29,8,3,6.60788
旅行商问题,8代岛,2,29,8,4,6.31317
旅行商问题,8代岛,2,29,8,5,6.31317
旅行商问题,8代岛,2,29,8,6,6.31317
旅行商问题,8代岛,2,29,8,7,6.31317
旅行商问题,8代岛,2,29,8,8,6.31317
旅行商问题,8代岛,2,3,8,0,7.04335
旅行商问题,8代岛,2,3,8,1,7.04335
旅行商问题,8代岛,2,3,8,2,7.04335
旅行商问题,8代岛,2,3,8,3,6.60788
旅行商问题,8代岛,2,3,8,4,6.60788
旅行商问题,8代岛,2,3,8,5,6.60788
旅行商问题,8代岛,2,3,8,6,6.60788
旅行商问题,8代岛,2,3,8,7,6.30341
旅行商问题,8代岛,2,3,8,8,6.30341
旅行商问题,8代岛,2,30,8,0,6.14338
旅行商问题,8代岛,2,30,8,1,6.14338
旅行商问题,8代岛,2,30,8,2,6.14338
旅行商问题,8代岛,2,30,8,3,6.14338
旅行商问题,8代岛,2,30,8,4,6.14338
旅行商问题,8代岛,2,30,8,5,6.14338
旅行商问题,8代岛,2,30,8,6,6.14338
旅行商问题,8代岛,2,30,8,7,6.14338
旅行商问题,8代岛,2,30,8,8,6.14338
旅行商问题,8代岛,2,31,8,0,6.38032
旅行商问题,8代岛,2,31,8,1,6.30341
旅行商问题,8代岛,2,31,8,2,6.29573
旅行商问题,8代岛,2,31,8,3,6.29573
旅行商问题,8代岛,2,31,8,4,6.29573
旅行商问题,8代岛,2,31,8,5,6.29573
旅行商问题,8代岛,2,31,8,6,6.29573
旅行商问题,8代岛,2,31,8,7,6.20325
旅行商问题,8代岛,2,31,8,8,6.20325
旅行商问题,8代岛,2,32,8,0,6.34735
旅行商问题,8代岛,2,32,8,1,6.34735
旅行商问题,8代岛,2,32,8,2,6.28282
旅行商问题,8代岛,2,32,8,3,6.28282
旅行商问题,8代岛,2,32,8,4,6.28282
旅行商问题,8代岛,2,32,8,5,6.28282
旅行商问题,8代岛,2,32,8,6,6.28282
旅行商问题,8代岛,2,32,8,7,6.28282
旅行商问题,8代岛,2,32,8,8,6.13716
旅行商问题,8代岛,2,33,8,0,6.68978
旅行商问题,8代岛,2,33,8,1,6.68978
旅行商问题,8代岛,2,33,8,2,6.60788
旅行商问题,8代岛,2,33,8,3,6.60788
旅行商问题,8代岛,2,33,8,4,6.60788
旅行商问题,8代岛,2,33,8,5,6.60788
旅行商问题,8代岛,2,33,8,6,6.34985
旅行商问题,8代岛,2,33,8,7,6.34985
旅行商问题,8代岛,2,33,8,8,6.34985
旅行商问题,8代岛,2,34,8,0,6.54958
旅行商问题,8代岛,2,34,8,1,6.31369
旅行商问题,8代岛,2,34,8,2,6.31369
旅行商问题,8代岛,2,34,8,3,6.31369
旅行商问题,8代岛,2,34,8,4,6.31369
旅行商问题,8代岛,2,34,8,5,6.31369
旅行商问题,8代岛,2,34,8,6,6.31369
旅行商问题,8代岛,2,34,8,7,6.31369
旅行商问题,8代岛,2,34,8,8,6.31369
旅行商问题,8代岛,2,35,8,0,6.83962
旅行商问题,8代岛,2,35,8,1,6.83962
旅行商问题,8代岛,2,35,8,2,6.35256
旅行商问题,8代岛,2,35,8,3,6.35256
旅行商问题,8代岛,2,35,8,4,6.35256
旅行商问题,8代岛,2,35,8,5,6.33874
旅行商问题,8代岛,2,35,8,6,6.25702
旅行商问题,8代岛,2,35,8,7,6.25702
旅行商问题,8代岛,2,35,8,8,6.25702
旅行商问题,8代岛,2,36,8,0,6.61506
旅行商问题,8代岛,2,36,8,1,6.30341
旅行商问题,8代岛,2,36,8,2,6.30341
旅行商问题,8代岛,2,36,8,3,6.30341
旅行商问题,8代岛,2,36,8,4,6.30341
旅行商问题,8代岛,2,36,8,5,6.30341
旅行商问题,8代岛,2,36,8,6,6.30341
旅行商问题,8代岛,2,36,8,7,6.30341
旅行商问题,8代岛,2,36,8,8,6.20115
旅行商问题,8代岛,2,37,8,0,6.18902
旅行商问题,8代岛,2,37,8,1,6.18902
旅行商问题,8代岛,2,37,8,2,6.18902
旅行商问题,8代岛,2,37,8,3,6.18902
旅行商问题,8代岛,2,37,8,4,6.18902
旅行商问题,8代岛,2,37,8,5,6.18902
旅行商问题,8代岛,2,37,8,6,6.18902
旅行商问题,8代岛,2,37,8,7,6.1186
旅行商问题,8代岛,2,37,8,8,6.1186
旅行商问题,8代岛,2,38,8,0,6.16069
旅行商问题,8代岛,2,38,8,1,6.16069
旅行商问题,8代岛,2,38,8,2,6.16069
旅行商问题,8代岛,2,38,8,3,6.16069
旅行商问题,8代岛,2,38,8,4,6.16069
旅行商问题,8代岛,2,38,8,5,6.16069
旅行商问题,8代岛,2,38,8,6,6.16069
旅行商问题,8代岛,2,38,8,7,6.16069
旅行商问题,8代岛,2,38,8,8,6.16069
旅行商问题,8代岛,2,39,8,0,6.64021
旅行商问题,8代岛,2,39,8,1,6.64021
旅行商问题,8代岛,2,39,8,2,6.43776
旅行商问题,8代岛,2,39,8,3,6.43776
旅行商问题,8代岛,2,39,8,4,6.2971
旅行商问题,8代岛,2,39,8,5,6.2971
旅行商问题,8代岛,2,39,8,6,6.2971
旅行商问题,8代岛,2,39,8,7,6.2971
旅行商问题,8代岛,2,39,8,8,6.2971
旅行商问题,8代岛,2,4,8,0,6.68892
旅行商问题,8代岛,2,4,8,1,6.59337
旅行商问题,8代岛,2,4,8,2,6.58548
旅行商问题,8代岛,2,4,8,3,6.58548
旅行商问题,8代岛,2,4,8,4,6.58548
旅行商问题,8代岛,2,4,8,5,6.58548
旅行商问题,8代岛,2,4,8,6,6.58548
旅行商问题,8代岛,2,4,8,7,6.34985
旅行商问题,8代岛,2,4,8,8,6.34985
旅行商问题,8代岛,2,5,8,0,6.53431
旅行商问题,8代岛,2,5,8,1,6.53431
旅行商问题,8代岛,2,5,8,2,6.53431
旅行商问题,8代岛,2,5,8,3,6.53431
旅行商问题,8代岛,2,5,8,4,6.53431
旅行商问题,8代岛,2,5,8,5,6.53431
旅行商问题,8代岛,2,5,8,6,6.36961
旅行商问题,8代岛,2,5,8,7,6.36961
旅行商问题,8代岛,2,5,8,8,6.36961
旅行商问题,8代岛,2,6,8,0,6.27316
旅行商问题,8代岛,2,6,8,1,6.27316
旅行商问题,8代岛,2,6,8,2,6.27316
旅行商问题,8代岛,2,6,8,3,6.27316
旅行商问题,8代岛,2,6,8,4,6.27316
旅行商问题,8代岛,2,6,8,5,6.23173
旅行商问题,8代岛,2,6,8,6,6.23173
旅行商问题,8代岛,2,6,8,7,6.23173
旅行商问题,8代岛,2,6,8,8,6.23173
旅行商问题,8代岛,2,7,8,0,6.63854
旅行商问题,8代岛,2,7,8,1,6.57861
旅行商问题,8代岛,2,7,8,2,6.52357
旅行商问题,8代岛,2,7,8,3,6.52357
旅行商问题,8代岛,2,7,8,4,6.52357
旅行商问题,8代岛,2,7,8,5,6.52357
旅行商问题,8代岛,2,7,8,6,6.52357
旅行商问题,8代岛,2,7,8,7,6.52357
旅行商问题,8代岛,2,7,8,8,6.28344
旅行商问题,8代岛,2,8,8,0,6.32556
旅行商问题,8代岛,2,8,8,1,6.32556
旅行商问题,8代岛,2,8,8,2,6.2201
旅行商问题,8代岛,2,8,8,3,6.2201
旅行商问题,8代岛,2,8,8,4,6.2201
旅行商问题,8代岛,2,8,8,5,6.2201
旅行商问题,8代岛,2,8,8,6,6.1705
旅行商问题,8代岛,2,8,8,7,6.1705
旅行商问题,8代岛,2,8,8,8,6.1705
旅行商问题,8代岛,2,9,8,0,6.35161
旅行商问题,8代岛,2,9,8,1,6.35161
旅行商问题,8代岛,2,9,8,2,6.35161
旅行商问题,8代岛,2,9,8,3,6.30341
旅行商问题,8代岛,2,9,8,4,6.30341
旅行商问题,8代岛,2,9,8,5,6.18814
旅行商问题,8代岛,2,9,8,6,6.18814
旅行商问题,8代岛,2,9,8,7,6.18814
旅行商问题,8代岛,2,9,8,8,6.18814
在线装箱问题,8代岛,3,1,8,0,0.03984
在线装箱问题,8代岛,3,1,8,1,0.03984
在线装箱问题,8代岛,3,1,8,2,0.03984
在线装箱问题,8代岛,3,1,8,3,0.03984
在线装箱问题,8代岛,3,1,8,4,0.03904
在线装箱问题,8代岛,3,1,8,5,0.03904
在线装箱问题,8代岛,3,1,8,6,0.03813
在线装箱问题,8代岛,3,1,8,7,0.03813
在线装箱问题,8代岛,3,1,8,8,0.03813
在线装箱问题,8代岛,3,10,8,0,0.03823
在线装箱问题,8代岛,3,10,8,1,0.03823
在线装箱问题,8代岛,3,10,8,2,0.03823
在线装箱问题,8代岛,3,10,8,3,0.03823
在线装箱问题,8代岛,3,10,8,4,0.03823
在线装箱问题,8代岛,3,10,8,5,0.03823
在线装箱问题,8代岛,3,10,8,6,0.00916
在线装箱问题,8代岛,3,10,8,7,0.00916
在线装箱问题,8代岛,3,10,8,8,0.00916
在线装箱问题,8代岛,3,11,8,0,0.03984
在线装箱问题,8代岛,3,11,8,1,0.03984
在线装箱问题,8代岛,3,11,8,2,0.03984
在线装箱问题,8代岛,3,11,8,3,0.03984
在线装箱问题,8代岛,3,11,8,4,0.03984
在线装箱问题,8代岛,3,11,8,5,0.03984
在线装箱问题,8代岛,3,11,8,6,0.03984
在线装箱问题,8代岛,3,11,8,7,0.03984
在线装箱问题,8代岛,3,11,8,8,0.03984
在线装箱问题,8代岛,3,12,8,0,0.03984
在线装箱问题,8代岛,3,12,8,1,0.03944
在线装箱问题,8代岛,3,12,8,2,0.03944
在线装箱问题,8代岛,3,12,8,3,0.03944
在线装箱问题,8代岛,3,12,8,4,0.03944
在线装箱问题,8代岛,3,12,8,5,0.03944
在线装箱问题,8代岛,3,12,8,6,0.03944
在线装箱问题,8代岛,3,12,8,7,0.03944
在线装箱问题,8代岛,3,12,8,8,0.03944
在线装箱问题,8代岛,3,13,8,0,0.03984
在线装箱问题,8代岛,3,13,8,1,0.03984
在线装箱问题,8代岛,3,13,8,2,0.03984
在线装箱问题,8代岛,3,13,8,3,0.03984
在线装箱问题,8代岛,3,13,8,4,0.03984
在线装箱问题,8代岛,3,13,8,5,0.03984
在线装箱问题,8代岛,3,13,8,6,0.03803
在线装箱问题,8代岛,3,13,8,7,0.03803
在线装箱问题,8代岛,3,13,8,8,0.03803
在线装箱问题,8代岛,3,14,8,0,0.03984
在线装箱问题,8代岛,3,14,8,1,0.03984
在线装箱问题,8代岛,3,14,8,2,0.03984
在线装箱问题,8代岛,3,14,8,3,0.03984
在线装箱问题,8代岛,3,14,8,4,0.03984
在线装箱问题,8代岛,3,14,8,5,0.03984
在线装箱问题,8代岛,3,14,8,6,0.03984
在线装箱问题,8代岛,3,14,8,7,0.03984
在线装箱问题,8代岛,3,14,8,8,0.03984
在线装箱问题,8代岛,3,15,8,0,0.03984
在线装箱问题,8代岛,3,15,8,1,0.03984
在线装箱问题,8代岛,3,15,8,2,0.03984
在线装箱问题,8代岛,3,15,8,3,0.03984
在线装箱问题,8代岛,3,15,8,4,0.03984
在线装箱问题,8代岛,3,15,8,5,0.03984
在线装箱问题,8代岛,3,15,8,6,0.03984
在线装箱问题,8代岛,3,15,8,7,0.03693
在线装箱问题,8代岛,3,15,8,8,0.03693
在线装箱问题,8代岛,3,16,8,0,0.0159
在线装箱问题,8代岛,3,16,8,1,0.0159
在线装箱问题,8代岛,3,16,8,2,0.0159
在线装箱问题,8代岛,3,16,8,3,0.0159
在线装箱问题,8代岛,3,16,8,4,0.0159
在线装箱问题,8代岛,3,16,8,5,0.0159
在线装箱问题,8代岛,3,16,8,6,0.0159
在线装箱问题,8代岛,3,16,8,7,0.0159
在线装箱问题,8代岛,3,16,8,8,0.0159
在线装箱问题,8代岛,3,17,8,0,0.03984
在线装箱问题,8代岛,3,17,8,1,0.03984
在线装箱问题,8代岛,3,17,8,2,0.03984
在线装箱问题,8代岛,3,17,8,3,0.03984
在线装箱问题,8代岛,3,17,8,4,0.03984
在线装箱问题,8代岛,3,17,8,5,0.03984
在线装箱问题,8代岛,3,17,8,6,0.03823
在线装箱问题,8代岛,3,17,8,7,0.03823
在线装箱问题,8代岛,3,17,8,8,0.03823
在线装箱问题,8代岛,3,18,8,0,0.03984
在线装箱问题,8代岛,3,18,8,1,0.03984
在线装箱问题,8代岛,3,18,8,2,0.03984
在线装箱问题,8代岛,3,18,8,3,0.03984
在线装箱问题,8代岛,3,18,8,4,0.03984
在线装箱问题,8代岛,3,18,8,5,0.03984
在线装箱问题,8代岛,3,18,8,6,0.03934
在线装箱问题,8代岛,3,18,8,7,0.03934
在线装箱问题,8代岛,3,18,8,8,0.0327
在线装箱问题,8代岛,3,19,8,0,0.03884
在线装箱问题,8代岛,3,19,8,1,0.03632
在线装箱问题,8代岛,3,19,8,2,0.03632
在线装箱问题,8代岛,3,19,8,3,0.03632
在线装箱问题,8代岛,3,19,8,4,0.03632
在线装箱问题,8代岛,3,19,8,5,0.03632
在线装箱问题,8代岛,3,19,8,6,0.03119
在线装箱问题,8代岛,3,19,8,7,0.03119
在线装箱问题,8代岛,3,19,8,8,0.03119
在线装箱问题,8代岛,3,2,8,0,0.03984
在线装箱问题,8代岛,3,2,8,1,0.03984
在线装箱问题,8代岛,3,2,8,2,0.03984
在线装箱问题,8代岛,3,2,8,3,0.03984
在线装箱问题,8代岛,3,2,8,4,0.03984
在线装箱问题,8代岛,3,2,8,5,0.03984
在线装箱问题,8代岛,3,2,8,6,0.03984
在线装箱问题,8代岛,3,2,8,7,0.03924
在线装箱问题,8代岛,3,2,8,8,0.03924
在线装箱问题,8代岛,3,20,8,0,0.03984
在线装箱问题,8代岛,3,20,8,1,0.03984
在线装箱问题,8代岛,3,20,8,2,0.03984
在线装箱问题,8代岛,3,20,8,3,0.03984
在线装箱问题,8代岛,3,20,8,4,0.03984
在线装箱问题,8代岛,3,20,8,5,0.03984
在线装箱问题,8代岛,3,20,8,6,0.03954
在线装箱问题,8代岛,3,20,8,7,0.03954
在线装箱问题,8代岛,3,20,8,8,0.03954
在线装箱问题,8代岛,3,21,8,0,0.03662
在线装箱问题,8代岛,3,21,8,1,0.03662
在线装箱问题,8代岛,3,21,8,2,0.03662
在线装箱问题,8代岛,3,21,8,3,0.03662
在线装箱问题,8代岛,3,21,8,4,0.03662
在线装箱问题,8代岛,3,21,8,5,0.03662
在线装箱问题,8代岛,3,21,8,6,0.01449
在线装箱问题,8代岛,3,21,8,7,0.01449
在线装箱问题,8代岛,3,21,8,8,0.01429
在线装箱问题,8代岛,3,22,8,0,0.03984
在线装箱问题,8代岛,3,22,8,1,0.03864
在线装箱问题,8代岛,3,22,8,2,0.03864
在线装箱问题,8代岛,3,22,8,3,0.03864
在线装箱问题,8代岛,3,22,8,4,0.03682
在线装箱问题,8代岛,3,22,8,5,0.03682
在线装箱问题,8代岛,3,22,8,6,0.03682
在线装箱问题,8代岛,3,22,8,7,0.03682
在线装箱问题,8代岛,3,22,8,8,0.03682
在线装箱问题,8代岛,3,23,8,0,0.03984
在线装箱问题,8代岛,3,23,8,1,0.03984
在线装箱问题,8代岛,3,23,8,2,0.03984
在线装箱问题,8代岛,3,23,8,3,0.03984
在线装箱问题,8代岛,3,23,8,4,0.03984
在线装箱问题,8代岛,3,23,8,5,0.03984
在线装箱问题,8代岛,3,23,8,6,0.03984
在线装箱问题,8代岛,3,23,8,7,0.03984
在线装箱问题,8代岛,3,23,8,8,0.03984
在线装箱问题,8代岛,3,24,8,0,0.03984
在线装箱问题,8代岛,3,24,8,1,0.03984
在线装箱问题,8代岛,3,24,8,2,0.03984
在线装箱问题,8代岛,3,24,8,3,0.03894
在线装箱问题,8代岛,3,24,8,4,0.03894
在线装箱问题,8代岛,3,24,8,5,0.03884
在线装箱问题,8代岛,3,24,8,6,0.03884
在线装箱问题,8代岛,3,24,8,7,0.03884
在线装箱问题,8代岛,3,24,8,8,0.03884
在线装箱问题,8代岛,3,25,8,0,0.03984
在线装箱问题,8代岛,3,25,8,1,0.03984
在线装箱问题,8代岛,3,25,8,2,0.03823
在线装箱问题,8代岛,3,25,8,3,0.03823
在线装箱问题,8代岛,3,25,8,4,0.03652
在线装箱问题,8代岛,3,25,8,5,0.03622
在线装箱问题,8代岛,3,25,8,6,0.03622
在线装箱问题,8代岛,3,25,8,7,0.03622
在线装箱问题,8代岛,3,25,8,8,0.03612
在线装箱问题,8代岛,3,26,8,0,0.03682
在线装箱问题,8代岛,3,26,8,1,0.03682
在线装箱问题,8代岛,3,26,8,2,0.03682
在线装箱问题,8代岛,3,26,8,3,0.03682
在线装箱问题,8代岛,3,26,8,4,0.03682
在线装箱问题,8代岛,3,26,8,5,0.03682
在线装箱问题,8代岛,3,26,8,6,0.03682
在线装箱问题,8代岛,3,26,8,7,0.03682
在线装箱问题,8代岛,3,26,8,8,0.03682
在线装箱问题,8代岛,3,27,8,0,0.03984
在线装箱问题,8代岛,3,27,8,1,0.03984
在线装箱问题,8代岛,3,27,8,2,0.03984
在线装箱问题,8代岛,3,27,8,3,0.03934
在线装箱问题,8代岛,3,27,8,4,0.03914
在线装箱问题,8代岛,3,27,8,5,0.01489
在线装箱问题,8代岛,3,27,8,6,0.01489
在线装箱问题,8代岛,3,27,8,7,0.01489
在线装箱问题,8代岛,3,27,8,8,0.01489
在线装箱问题,8代岛,3,28,8,0,0.03984
在线装箱问题,8代岛,3,28,8,1,0.03984
在线装箱问题,8代岛,3,28,8,2,0.01992
在线装箱问题,8代岛,3,28,8,3,0.01992
在线装箱问题,8代岛,3,28,8,4,0.01992
在线装箱问题,8代岛,3,28,8,5,0.01992
在线装箱问题,8代岛,3,28,8,6,0.01992
在线装箱问题,8代岛,3,28,8,7,0.01992
在线装箱问题,8代岛,3,28,8,8,0.01992
在线装箱问题,8代岛,3,29,8,0,0.03984
在线装箱问题,8代岛,3,29,8,1,0.03984
在线装箱问题,8代岛,3,29,8,2,0.00694
在线装箱问题,8代岛,3,29,8,3,0.00694
在线装箱问题,8代岛,3,29,8,4,0.00694
在线装箱问题,8代岛,3,29,8,5,0.00694
在线装箱问题,8代岛,3,29,8,6,0.00694
在线装箱问题,8代岛,3,29,8,7,0.00694
在线装箱问题,8代岛,3,29,8,8,0.00694
在线装箱问题,8代岛,3,30,8,0,0.03984
在线装箱问题,8代岛,3,30,8,1,0.03984
在线装箱问题,8代岛,3,30,8,2,0.03984
在线装箱问题,8代岛,3,30,8,3,0.03984
在线装箱问题,8代岛,3,30,8,4,0.03984
在线装箱问题,8代岛,3,30,8,5,0.03984
在线装箱问题,8代岛,3,30,8,6,0.03954
在线装箱问题,8代岛,3,30,8,7,0.03954
在线装箱问题,8代岛,3,30,8,8,0.02254
在线装箱问题,8代岛,3,31,8,0,0.03984
在线装箱问题,8代岛,3,31,8,1,0.03984
在线装箱问题,8代岛,3,31,8,2,0.03984
在线装箱问题,8代岛,3,31,8,3,0.03984
在线装箱问题,8代岛,3,31,8,4,0.03984
在线装箱问题,8代岛,3,31,8,5,0.03984
在线装箱问题,8代岛,3,31,8,6,0.03984
在线装箱问题,8代岛,3,31,8,7,0.03984
在线装箱问题,8代岛,3,31,8,8,0.03894
在线装箱问题,8代岛,3,32,8,0,0.03984
在线装箱问题,8代岛,3,32,8,1,0.03984
在线装箱问题,8代岛,3,32,8,2,0.03984
在线装箱问题,8代岛,3,32,8,3,0.03984
在线装箱问题,8代岛,3,32,8,4,0.03984
在线装箱问题,8代岛,3,32,8,5,0.03864
在线装箱问题,8代岛,3,32,8,6,0.03864
在线装箱问题,8代岛,3,32,8,7,0.03864
在线装箱问题,8代岛,3,32,8,8,0.03864
在线装箱问题,8代岛,3,33,8,0,0.03984
在线装箱问题,8代岛,3,33,8,1,0.03984
在线装箱问题,8代岛,3,33,8,2,0.03984
在线装箱问题,8代岛,3,33,8,3,0.03984
在线装箱问题,8代岛,3,33,8,4,0.03984
在线装箱问题,8代岛,3,33,8,5,0.03984
在线装箱问题,8代岛,3,33,8,6,0.03984
在线装箱问题,8代岛,3,33,8,7,0.03984
在线装箱问题,8代岛,3,33,8,8,0.03783
在线装箱问题,8代岛,3,34,8,0,0.03984
在线装箱问题,8代岛,3,34,8,1,0.03984
在线装箱问题,8代岛,3,34,8,2,0.03984
在线装箱问题,8代岛,3,34,8,3,0.03984
在线装箱问题,8代岛,3,34,8,4,0.03984
在线装箱问题,8代岛,3,34,8,5,0.03964
在线装箱问题,8代岛,3,34,8,6,0.03964
在线装箱问题,8代岛,3,34,8,7,0.03964
在线装箱问题,8代岛,3,34,8,8,0.03944
在线装箱问题,8代岛,3,35,8,0,0.03984
在线装箱问题,8代岛,3,35,8,1,0.03984
在线装箱问题,8代岛,3,35,8,2,0.03984
在线装箱问题,8代岛,3,35,8,3,0.03984
在线装箱问题,8代岛,3,35,8,4,0.03984
在线装箱问题,8代岛,3,35,8,5,0.03984
在线装箱问题,8代岛,3,35,8,6,0.03984
在线装箱问题,8代岛,3,35,8,7,0.03924
在线装箱问题,8代岛,3,35,8,8,0.03139
在线装箱问题,8代岛,3,37,8,0,0.03984
在线装箱问题,8代岛,3,37,8,1,0.03984
在线装箱问题,8代岛,3,37,8,2,0.03984
在线装箱问题,8代岛,3,37,8,3,0.03984
在线装箱问题,8代岛,3,37,8,4,0.03984
在线装箱问题,8代岛,3,37,8,5,0.03984
在线装箱问题,8代岛,3,37,8,6,0.03934
在线装箱问题,8代岛,3,37,8,7,0.03934
在线装箱问题,8代岛,3,37,8,8,0.03934
在线装箱问题,8代岛,3,38,8,0,0.03984
在线装箱问题,8代岛,3,38,8,1,0.03984
在线装箱问题,8代岛,3,38,8,2,0.03864
在线装箱问题,8代岛,3,38,8,3,0.03864
在线装箱问题,8代岛,3,38,8,4,0.03864
在线装箱问题,8代岛,3,38,8,5,0.03864
在线装箱问题,8代岛,3,38,8,6,0.03864
在线装箱问题,8代岛,3,38,8,7,0.03179
在线装箱问题,8代岛,3,38,8,8,0.0156
在线装箱问题,8代岛,3,39,8,0,0.03803
在线装箱问题,8代岛,3,39,8,1,0.03803
在线装箱问题,8代岛,3,39,8,2,0.03803
在线装箱问题,8代岛,3,39,8,3,0.03803
在线装箱问题,8代岛,3,39,8,4,0.03803
在线装箱问题,8代岛,3,39,8,5,0.03803
在线装箱问题,8代岛,3,39,8,6,0.03803
在线装箱问题,8代岛,3,39,8,7,0.03803
在线装箱问题,8代岛,3,39,8,8,0.03803
在线装箱问题,8代岛,3,4,8,0,0.03964
在线装箱问题,8代岛,3,4,8,1,0.03964
在线装箱问题,8代岛,3,4,8,2,0.03964
在线装箱问题,8代岛,3,4,8,3,0.03964
在线装箱问题,8代岛,3,4,8,4,0.03964
在线装箱问题,8代岛,3,4,8,5,0.03964
在线装箱问题,8代岛,3,4,8,6,0.03964
在线装箱问题,8代岛,3,4,8,7,0.03964
在线装箱问题,8代岛,3,4,8,8,0.03964
在线装箱问题,8代岛,3,40,8,0,0.03964
在线装箱问题,8代岛,3,40,8,1,0.03964
在线装箱问题,8代岛,3,40,8,2,0.03833
在线装箱问题,8代岛,3,40,8,3,0.03833
在线装箱问题,8代岛,3,40,8,4,0.03833
在线装箱问题,8代岛,3,40,8,5,0.03833
在线装箱问题,8代岛,3,40,8,6,0.03833
在线装箱问题,8代岛,3,40,8,7,0.03833
在线装箱问题,8代岛,3,40,8,8,0.03833
在线装箱问题,8代岛,3,42,8,0,0.03984
在线装箱问题,8代岛,3,42,8,1,0.03984
在线装箱问题,8代岛,3,42,8,2,0.03984
在线装箱问题,8代岛,3,42,8,3,0.03984
在线装箱问题,8代岛,3,42,8,4,0.03984
在线装箱问题,8代岛,3,42,8,5,0.03984
在线装箱问题,8代岛,3,42,8,6,0.03984
在线装箱问题,8代岛,3,42,8,7,0.03984
在线装箱问题,8代岛,3,42,8,8,0.03984
在线装箱问题,8代岛,3,5,8,0,0.01942
在线装箱问题,8代岛,3,5,8,1,0.01942
在线装箱问题,8代岛,3,5,8,2,0.01942
在线装箱问题,8代岛,3,5,8,3,0.01942
在线装箱问题,8代岛,3,5,8,4,0.01942
在线装箱问题,8代岛,3,5,8,5,0.01942
在线装箱问题,8代岛,3,5,8,6,0.01942
在线装箱问题,8代岛,3,5,8,7,0.01942
在线装箱问题,8代岛,3,5,8,8,0.01942
在线装箱问题,8代岛,3,6,8,0,0.03974
在线装箱问题,8代岛,3,6,8,1,0.03974
在线装箱问题,8代岛,3,6,8,2,0.03773
在线装箱问题,8代岛,3,6,8,3,0.03773
在线装箱问题,8代岛,3,6,8,4,0.03773
在线装箱问题,8代岛,3,6,8,5,0.03662
在线装箱问题,8代岛,3,6,8,6,0.03662
在线装箱问题,8代岛,3,6,8,7,0.03662
在线装箱问题,8代岛,3,6,8,8,0.03662
在线装箱问题,8代岛,3,7,8,0,0.03984
在线装箱问题,8代岛,3,7,8,1,0.03984
在线装箱问题,8代岛,3,7,8,2,0.03984
在线装箱问题,8代岛,3,7,8,3,0.03984
在线装箱问题,8代岛,3,7,8,4,0.03984
在线装箱问题,8代岛,3,7,8,5,0.03984
在线装箱问题,8代岛,3,7,8,6,0.03984
在线装箱问题,8代岛,3,7,8,7,0.03542
在线装箱问题,8代岛,3,7,8,8,0.03542
在线装箱问题,8代岛,3,8,8,0,0.03984
在线装箱问题,8代岛,3,8,8,1,0.03984
在线装箱问题,8代岛,3,8,8,2,0.03984
在线装箱问题,8代岛,3,8,8,3,0.03984
在线装箱问题,8代岛,3,8,8,4,0.03894
在线装箱问题,8代岛,3,8,8,5,0.03803
在线装箱问题,8代岛,3,8,8,6,0.03622
在线装箱问题,8代岛,3,8,8,7,0.03622
在线装箱问题,8代岛,3,8,8,8,0.03622
在线装箱问题,8代岛,3,9,8,0,0.03984
在线装箱问题,8代岛,3,9,8,1,0.03984
在线装箱问题,8代岛,3,9,8,2,0.03984
在线装箱问题,8代岛,3,9,8,3,0.03984
在线装箱问题,8代岛,3,9,8,4,0.03984
在线装箱问题,8代岛,3,9,8,5,0.03984
在线装箱问题,8代岛,3,9,8,6,0.03984
在线装箱问题,8代岛,3,9,8,7,0.03984
在线装箱问题,8代岛,3,9,8,8,0.03934
容量约束车辆路径问题,8代岛,3,1,8,0,13.28321
容量约束车辆路径问题,8代岛,3,1,8,1,13.19364
容量约束车辆路径问题,8代岛,3,1,8,2,13.08244
容量约束车辆路径问题,8代岛,3,1,8,3,13.03297
容量约束车辆路径问题,8代岛,3,1,8,4,13.03297
容量约束车辆路径问题,8代岛,3,1,8,5,12.86524
容量约束车辆路径问题,8代岛,3,1,8,6,12.86524
容量约束车辆路径问题,8代岛,3,1,8,7,12.86524
容量约束车辆路径问题,8代岛,3,1,8,8,12.86524
容量约束车辆路径问题,8代岛,3,10,8,0,13.61078
容量约束车辆路径问题,8代岛,3,10,8,1,13.61078
容量约束车辆路径问题,8代岛,3,10,8,2,13.61078
容量约束车辆路径问题,8代岛,3,10,8,3,13.61078
容量约束车辆路径问题,8代岛,3,10,8,4,13.61078
容量约束车辆路径问题,8代岛,3,10,8,5,13.61078
容量约束车辆路径问题,8代岛,3,10,8,6,13.56397
容量约束车辆路径问题,8代岛,3,10,8,7,13.47083
容量约束车辆路径问题,8代岛,3,10,8,8,13.47083
容量约束车辆路径问题,8代岛,3,11,8,0,13.12159
容量约束车辆路径问题,8代岛,3,11,8,1,13.12159
容量约束车辆路径问题,8代岛,3,11,8,2,13.12159
容量约束车辆路径问题,8代岛,3,11,8,3,12.98336
容量约束车辆路径问题,8代岛,3,11,8,4,12.98336
容量约束车辆路径问题,8代岛,3,11,8,5,12.98336
容量约束车辆路径问题,8代岛,3,11,8,6,12.98336
容量约束车辆路径问题,8代岛,3,11,8,7,12.85885
容量约束车辆路径问题,8代岛,3,11,8,8,12.85885
容量约束车辆路径问题,8代岛,3,12,8,0,13.22721
容量约束车辆路径问题,8代岛,3,12,8,1,13.22721
容量约束车辆路径问题,8代岛,3,12,8,2,13.22721
容量约束车辆路径问题,8代岛,3,12,8,3,13.22721
容量约束车辆路径问题,8代岛,3,12,8,4,13.22721
容量约束车辆路径问题,8代岛,3,12,8,5,13.11927
容量约束车辆路径问题,8代岛,3,12,8,6,13.11927
容量约束车辆路径问题,8代岛,3,12,8,7,13.09256
容量约束车辆路径问题,8代岛,3,12,8,8,13.03297
容量约束车辆路径问题,8代岛,3,13,8,0,13.28321
容量约束车辆路径问题,8代岛,3,13,8,1,13.27716
容量约束车辆路径问题,8代岛,3,13,8,2,13.03297
容量约束车辆路径问题,8代岛,3,13,8,3,13.03297
容量约束车辆路径问题,8代岛,3,13,8,4,13.03297
容量约束车辆路径问题,8代岛,3,13,8,5,13.03297
容量约束车辆路径问题,8代岛,3,13,8,6,13.03297
容量约束车辆路径问题,8代岛,3,13,8,7,12.95013
容量约束车辆路径问题,8代岛,3,13,8,8,12.95013
容量约束车辆路径问题,8代岛,3,14,8,0,12.90954
容量约束车辆路径问题,8代岛,3,14,8,1,12.71318
容量约束车辆路径问题,8代岛,3,14,8,2,12.71318
容量约束车辆路径问题,8代岛,3,14,8,3,12.71318
容量约束车辆路径问题,8代岛,3,14,8,4,12.71318
容量约束车辆路径问题,8代岛,3,14,8,5,12.71318
容量约束车辆路径问题,8代岛,3,14,8,6,12.71318
容量约束车辆路径问题,8代岛,3,14,8,7,12.71318
容量约束车辆路径问题,8代岛,3,14,8,8,12.71318
容量约束车辆路径问题,8代岛,3,15,8,0,13.36091
容量约束车辆路径问题,8代岛,3,15,8,1,13.23646
容量约束车辆路径问题,8代岛,3,15,8,2,13.02907
容量约束车辆路径问题,8代岛,3,15,8,3,13.02907
容量约束车辆路径问题,8代岛,3,15,8,4,13.02907
容量约束车辆路径问题,8代岛,3,15,8,5,13.02907
容量约束车辆路径问题,8代岛,3,15,8,6,13.02907
容量约束车辆路径问题,8代岛,3,15,8,7,13.02907
容量约束车辆路径问题,8代岛,3,15,8,8,13.02907
容量约束车辆路径问题,8代岛,3,16,8,0,13.28321
容量约束车辆路径问题,8代岛,3,16,8,1,13.24091
容量约束车辆路径问题,8代岛,3,16,8,2,13.24091
容量约束车辆路径问题,8代岛,3,16,8,3,13.24091
容量约束车辆路径问题,8代岛,3,16,8,4,13.24091
容量约束车辆路径问题,8代岛,3,16,8,5,13.03297
容量约束车辆路径问题,8代岛,3,16,8,6,12.99073
容量约束车辆路径问题,8代岛,3,16,8,7,12.99073
容量约束车辆路径问题,8代岛,3,16,8,8,12.99073
容量约束车辆路径问题,8代岛,3,17,8,0,13.28321
容量约束车辆路径问题,8代岛,3,17,8,1,13.28321
容量约束车辆路径问题,8代岛,3,17,8,2,13.0363
容量约束车辆路径问题,8代岛,3,17,8,3,12.94922
容量约束车辆路径问题,8代岛,3,17,8,4,12.94922
容量约束车辆路径问题,8代岛,3,17,8,5,12.94922
容量约束车辆路径问题,8代岛,3,17,8,6,12.94922
容量约束车辆路径问题,8代岛,3,17,8,7,12.94922
容量约束车辆路径问题,8代岛,3,17,8,8,12.94922
容量约束车辆路径问题,8代岛,3,18,8,0,13.28321
容量约束车辆路径问题,8代岛,3,18,8,1,13.27481
容量约束车辆路径问题,8代岛,3,18,8,2,13.27481
容量约束车辆路径问题,8代岛,3,18,8,3,12.98336
容量约束车辆路径问题,8代岛,3,18,8,4,12.98336
容量约束车辆路径问题,8代岛,3,18,8,5,12.98336
容量约束车辆路径问题,8代岛,3,18,8,6,12.98336
容量约束车辆路径问题,8代岛,3,18,8,7,12.98336
容量约束车辆路径问题,8代岛,3,18,8,8,12.97827
容量约束车辆路径问题,8代岛,3,19,8,0,13.28321
容量约束车辆路径问题,8代岛,3,19,8,1,12.56012
容量约束车辆路径问题,8代岛,3,19,8,2,12.56012
容量约束车辆路径问题,8代岛,3,19,8,3,12.56012
容量约束车辆路径问题,8代岛,3,19,8,4,12.56012
容量约束车辆路径问题,8代岛,3,19,8,5,12.56012
容量约束车辆路径问题,8代岛,3,19,8,6,12.56012
容量约束车辆路径问题,8代岛,3,19,8,7,12.56012
容量约束车辆路径问题,8代岛,3,19,8,8,12.56012
容量约束车辆路径问题,8代岛,3,2,8,0,12.86269
容量约束车辆路径问题,8代岛,3,2,8,1,12.86269
容量约束车辆路径问题,8代岛,3,2,8,2,12.86269
容量约束车辆路径问题,8代岛,3,2,8,3,12.86269
容量约束车辆路径问题,8代岛,3,2,8,4,12.86269
容量约束车辆路径问题,8代岛,3,2,8,5,12.86269
容量约束车辆路径问题,8代岛,3,2,8,6,12.85885
容量约束车辆路径问题,8代岛,3,2,8,7,12.85885
容量约束车辆路径问题,8代岛,3,2,8,8,12.85885
容量约束车辆路径问题,8代岛,3,20,8,0,13.27381
容量约束车辆路径问题,8代岛,3,20,8,1,12.92812
容量约束车辆路径问题,8代岛,3,20,8,2,12.92812
容量约束车辆路径问题,8代岛,3,20,8,3,12.92812
容量约束车辆路径问题,8代岛,3,20,8,4,12.92812
容量约束车辆路径问题,8代岛,3,20,8,5,12.92812
容量约束车辆路径问题,8代岛,3,20,8,6,12.92812
容量约束车辆路径问题,8代岛,3,20,8,7,12.71318
容量约束车辆路径问题,8代岛,3,20,8,8,12.71318
容量约束车辆路径问题,8代岛,3,21,8,0,13.28321
容量约束车辆路径问题,8代岛,3,21,8,1,13.28321
容量约束车辆路径问题,8代岛,3,21,8,2,12.71323
容量约束车辆路径问题,8代岛,3,21,8,3,12.71323
容量约束车辆路径问题,8代岛,3,21,8,4,12.71323
容量约束车辆路径问题,8代岛,3,21,8,5,12.71318
容量约束车辆路径问题,8代岛,3,21,8,6,12.71318
容量约束车辆路径问题,8代岛,3,21,8,7,12.71318
容量约束车辆路径问题,8代岛,3,21,8,8,12.71318
容量约束车辆路径问题,8代岛,3,22,8,0,12.86269
容量约束车辆路径问题,8代岛,3,22,8,1,12.86269
容量约束车辆路径问题,8代岛,3,22,8,2,12.86269
容量约束车辆路径问题,8代岛,3,22,8,3,12.86269
容量约束车辆路径问题,8代岛,3,22,8,4,12.86269
容量约束车辆路径问题,8代岛,3,22,8,5,12.86269
容量约束车辆路径问题,8代岛,3,22,8,6,12.85885
容量约束车辆路径问题,8代岛,3,22,8,7,12.85885
容量约束车辆路径问题,8代岛,3,22,8,8,12.85885
容量约束车辆路径问题,8代岛,3,23,8,0,13.61078
容量约束车辆路径问题,8代岛,3,23,8,1,13.61078
容量约束车辆路径问题,8代岛,3,23,8,2,13.61078
容量约束车辆路径问题,8代岛,3,23,8,3,13.61078
容量约束车辆路径问题,8代岛,3,23,8,4,13.61078
容量约束车辆路径问题,8代岛,3,23,8,5,13.61078
容量约束车辆路径问题,8代岛,3,23,8,6,13.61078
容量约束车辆路径问题,8代岛,3,23,8,7,13.23646
容量约束车辆路径问题,8代岛,3,23,8,8,13.23646
容量约束车辆路径问题,8代岛,3,24,8,0,13.28321
容量约束车辆路径问题,8代岛,3,24,8,1,13.16856
容量约束车辆路径问题,8代岛,3,24,8,2,13.16856
容量约束车辆路径问题,8代岛,3,24,8,3,13.16856
容量约束车辆路径问题,8代岛,3,24,8,4,13.16856
容量约束车辆路径问题,8代岛,3,24,8,5,13.16856
容量约束车辆路径问题,8代岛,3,24,8,6,13.10871
容量约束车辆路径问题,8代岛,3,24,8,7,12.96176
容量约束车辆路径问题,8代岛,3,24,8,8,12.96176
容量约束车辆路径问题,8代岛,3,25,8,0,12.86269
容量约束车辆路径问题,8代岛,3,25,8,1,12.86269
容量约束车辆路径问题,8代岛,3,25,8,2,12.86269
容量约束车辆路径问题,8代岛,3,25,8,3,12.86269
容量约束车辆路径问题,8代岛,3,25,8,4,12.86269
容量约束车辆路径问题,8代岛,3,25,8,5,12.86269
容量约束车辆路径问题,8代岛,3,25,8,6,12.86269
容量约束车辆路径问题,8代岛,3,25,8,7,12.86269
容量约束车辆路径问题,8代岛,3,25,8,8,12.86269
容量约束车辆路径问题,8代岛,3,26,8,0,13.28321
容量约束车辆路径问题,8代岛,3,26,8,1,12.96045
容量约束车辆路径问题,8代岛,3,26,8,2,12.96045
容量约束车辆路径问题,8代岛,3,26,8,3,12.82803
容量约束车辆路径问题,8代岛,3,26,8,4,12.82803
容量约束车辆路径问题,8代岛,3,26,8,5,12.82803
容量约束车辆路径问题,8代岛,3,26,8,6,12.82803
容量约束车辆路径问题,8代岛,3,26,8,7,12.82803
容量约束车辆路径问题,8代岛,3,26,8,8,12.82803
容量约束车辆路径问题,8代岛,3,27,8,0,13.28321
容量约束车辆路径问题,8代岛,3,27,8,1,13.20446
容量约束车辆路径问题,8代岛,3,27,8,2,12.92256
容量约束车辆路径问题,8代岛,3,27,8,3,12.92256
容量约束车辆路径问题,8代岛,3,27,8,4,12.92256
容量约束车辆路径问题,8代岛,3,27,8,5,12.92256
容量约束车辆路径问题,8代岛,3,27,8,6,12.90604
容量约束车辆路径问题,8代岛,3,27,8,7,12.90604
容量约束车辆路径问题,8代岛,3,27,8,8,12.90604
容量约束车辆路径问题,8代岛,3,28,8,0,13.28106
容量约束车辆路径问题,8代岛,3,28,8,1,13.03297
容量约束车辆路径问题,8代岛,3,28,8,2,13.03297
容量约束车辆路径问题,8代岛,3,28,8,3,13.03297
容量约束车辆路径问题,8代岛,3,28,8,4,13.03297
容量约束车辆路径问题,8代岛,3,28,8,5,13.03297
容量约束车辆路径问题,8代岛,3,28,8,6,13.03297
容量约束车辆路径问题,8代岛,3,28,8,7,13.03297
容量约束车辆路径问题,8代岛,3,28,8,8,12.86685
容量约束车辆路径问题,8代岛,3,29,8,0,13.28321
容量约束车辆路径问题,8代岛,3,29,8,1,13.28321
容量约束车辆路径问题,8代岛,3,29,8,2,13.28321
容量约束车辆路径问题,8代岛,3,29,8,3,12.96671
容量约束车辆路径问题,8代岛,3,29,8,4,12.96671
容量约束车辆路径问题,8代岛,3,29,8,5,12.96671
容量约束车辆路径问题,8代岛,3,29,8,6,12.96671
容量约束车辆路径问题,8代岛,3,29,8,7,12.96671
容量约束车辆路径问题,8代岛,3,29,8,8,12.96671
容量约束车辆路径问题,8代岛,3,3,8,0,13.28321
容量约束车辆路径问题,8代岛,3,3,8,1,13.17294
容量约束车辆路径问题,8代岛,3,3,8,2,12.79358
容量约束车辆路径问题,8代岛,3,3,8,3,12.79358
容量约束车辆路径问题,8代岛,3,3,8,4,12.79358
容量约束车辆路径问题,8代岛,3,3,8,5,12.79358
容量约束车辆路径问题,8代岛,3,3,8,6,12.79358
容量约束车辆路径问题,8代岛,3,3,8,7,12.79358
容量约束车辆路径问题,8代岛,3,3,8,8,12.79358
容量约束车辆路径问题,8代岛,3,30,8,0,13.28321
容量约束车辆路径问题,8代岛,3,30,8,1,13.28321
容量约束车辆路径问题,8代岛,3,30,8,2,13.28321
容量约束车辆路径问题,8代岛,3,30,8,3,13.28321
容量约束车辆路径问题,8代岛,3,30,8,4,13.28321
容量约束车辆路径问题,8代岛,3,30,8,5,13.28321
容量约束车辆路径问题,8代岛,3,30,8,6,13.28321
容量约束车辆路径问题,8代岛,3,30,8,7,13.28321
容量约束车辆路径问题,8代岛,3,30,8,8,13.03297
容量约束车辆路径问题,8代岛,3,31,8,0,13.28321
容量约束车辆路径问题,8代岛,3,31,8,1,13.28321
容量约束车辆路径问题,8代岛,3,31,8,2,13.28321
容量约束车辆路径问题,8代岛,3,31,8,3,13.28321
容量约束车辆路径问题,8代岛,3,31,8,4,13.23735
容量约束车辆路径问题,8代岛,3,31,8,5,12.98539
容量约束车辆路径问题,8代岛,3,31,8,6,12.98539
容量约束车辆路径问题,8代岛,3,31,8,7,12.98539
容量约束车辆路径问题,8代岛,3,31,8,8,12.98539
容量约束车辆路径问题,8代岛,3,32,8,0,13.28321
容量约束车辆路径问题,8代岛,3,32,8,1,13.28321
容量约束车辆路径问题,8代岛,3,32,8,2,13.28321
容量约束车辆路径问题,8代岛,3,32,8,3,13.28321
容量约束车辆路径问题,8代岛,3,32,8,4,13.28321
容量约束车辆路径问题,8代岛,3,32,8,5,13.28321
容量约束车辆路径问题,8代岛,3,32,8,6,12.90604
容量约束车辆路径问题,8代岛,3,32,8,7,12.88684
容量约束车辆路径问题,8代岛,3,32,8,8,12.88684
容量约束车辆路径问题,8代岛,3,33,8,0,13.28321
容量约束车辆路径问题,8代岛,3,33,8,1,13.0558
容量约束车辆路径问题,8代岛,3,33,8,2,13.0558
容量约束车辆路径问题,8代岛,3,33,8,3,12.86269
容量约束车辆路径问题,8代岛,3,33,8,4,12.86269
容量约束车辆路径问题,8代岛,3,33,8,5,12.86269
容量约束车辆路径问题,8代岛,3,33,8,6,12.86269
容量约束车辆路径问题,8代岛,3,33,8,7,12.86269
容量约束车辆路径问题,8代岛,3,33,8,8,12.86269
容量约束车辆路径问题,8代岛,3,4,8,0,13.28321
容量约束车辆路径问题,8代岛,3,4,8,1,13.27045
容量约束车辆路径问题,8代岛,3,4,8,2,13.0558
容量约束车辆路径问题,8代岛,3,4,8,3,13.0558
容量约束车辆路径问题,8代岛,3,4,8,4,12.85191
容量约束车辆路径问题,8代岛,3,4,8,5,12.85191
容量约束车辆路径问题,8代岛,3,4,8,6,12.85191
容量约束车辆路径问题,8代岛,3,4,8,7,12.85191
容量约束车辆路径问题,8代岛,3,4,8,8,12.85191
容量约束车辆路径问题,8代岛,3,5,8,0,12.92808
容量约束车辆路径问题,8代岛,3,5,8,1,12.7737
容量约束车辆路径问题,8代岛,3,5,8,2,12.7737
容量约束车辆路径问题,8代岛,3,5,8,3,12.7737
容量约束车辆路径问题,8代岛,3,5,8,4,12.7737
容量约束车辆路径问题,8代岛,3,5,8,5,12.7737
容量约束车辆路径问题,8代岛,3,5,8,6,12.7737
容量约束车辆路径问题,8代岛,3,5,8,7,12.7737
容量约束车辆路径问题,8代岛,3,5,8,8,12.7737
容量约束车辆路径问题,8代岛,3,6,8,0,13.61078
容量约束车辆路径问题,8代岛,3,6,8,1,13.61078
容量约束车辆路径问题,8代岛,3,6,8,2,13.61078
容量约束车辆路径问题,8代岛,3,6,8,3,13.23646
容量约束车辆路径问题,8代岛,3,6,8,4,13.23646
容量约束车辆路径问题,8代岛,3,6,8,5,13.23646
容量约束车辆路径问题,8代岛,3,6,8,6,13.23646
容量约束车辆路径问题,8代岛,3,6,8,7,13.23646
容量约束车辆路径问题,8代岛,3,6,8,8,13.23646
容量约束车辆路径问题,8代岛,3,7,8,0,13.28321
容量约束车辆路径问题,8代岛,3,7,8,1,13.28321
容量约束车辆路径问题,8代岛,3,7,8,2,12.92808
容量约束车辆路径问题,8代岛,3,7,8,3,12.79566
容量约束车辆路径问题,8代岛,3,7,8,4,12.79566
容量约束车辆路径问题,8代岛,3,7,8,5,12.55263
容量约束车辆路径问题,8代岛,3,7,8,6,12.55263
容量约束车辆路径问题,8代岛,3,7,8,7,12.55263
容量约束车辆路径问题,8代岛,3,7,8,8,12.55263
容量约束车辆路径问题,8代岛,3,8,8,0,13.56371
容量约束车辆路径问题,8代岛,3,8,8,1,13.10264
容量约束车辆路径问题,8代岛,3,8,8,2,13.10264
容量约束车辆路径问题,8代岛,3,8,8,3,13.10264
容量约束车辆路径问题,8代岛,3,8,8,4,13.10264
容量约束车辆路径问题,8代岛,3,8,8,5,13.10264
容量约束车辆路径问题,8代岛,3,8,8,6,13.10264
容量约束车辆路径问题,8代岛,3,8,8,7,13.10264
容量约束车辆路径问题,8代岛,3,8,8,8,13.10264
容量约束车辆路径问题,8代岛,3,9,8,0,13.05277
容量约束车辆路径问题,8代岛,3,9,8,1,13.03297
容量约束车辆路径问题,8代岛,3,9,8,2,13.03297
容量约束车辆路径问题,8代岛,3,9,8,3,13.03297
容量约束车辆路径问题,8代岛,3,9,8,4,12.97764
容量约束车辆路径问题,8代岛,3,9,8,5,12.97764
容量约束车辆路径问题,8代岛,3,9,8,6,12.97764
容量约束车辆路径问题,8代岛,3,9,8,7,12.97764
容量约束车辆路径问题,8代岛,3,9,8,8,12.97764
旅行商问题,8代岛,3,1,8,0,6.69586
旅行商问题,8代岛,3,1,8,1,6.69586
旅行商问题,8代岛,3,1,8,2,6.38352
旅行商问题,8代岛,3,1,8,3,6.34985
旅行商问题,8代岛,3,1,8,4,6.34985
旅行商问题,8代岛,3,1,8,5,6.34985
旅行商问题,8代岛,3,1,8,6,6.34985
旅行商问题,8代岛,3,1,8,7,6.34985
旅行商问题,8代岛,3,1,8,8,6.34985
旅行商问题,8代岛,3,10,8,0,8.07872
旅行商问题,8代岛,3,10,8,1,6.26754
旅行商问题,8代岛,3,10,8,2,6.26754
旅行商问题,8代岛,3,10,8,3,6.16765
旅行商问题,8代岛,3,10,8,4,6.16765
旅行商问题,8代岛,3,10,8,5,6.16765
旅行商问题,8代岛,3,10,8,6,6.16765
旅行商问题,8代岛,3,10,8,7,6.16765
旅行商问题,8代岛,3,10,8,8,6.16765
旅行商问题,8代岛,3,11,8,0,6.29682
旅行商问题,8代岛,3,11,8,1,6.24997
旅行商问题,8代岛,3,11,8,2,6.21745
旅行商问题,8代岛,3,11,8,3,6.21745
旅行商问题,8代岛,3,11,8,4,6.21745
旅行商问题,8代岛,3,11,8,5,6.21745
旅行商问题,8代岛,3,11,8,6,6.21745
旅行商问题,8代岛,3,11,8,7,6.21745
旅行商问题,8代岛,3,11,8,8,6.21513
旅行商问题,8代岛,3,12,8,0,6.23281
旅行商问题,8代岛,3,12,8,1,6.23281
旅行商问题,8代岛,3,12,8,2,6.23281
旅行商问题,8代岛,3,12,8,3,6.23281
旅行商问题,8代岛,3,12,8,4,6.23281
旅行商问题,8代岛,3,12,8,5,6.20066
旅行商问题,8代岛,3,12,8,6,6.20066
旅行商问题,8代岛,3,12,8,7,6.20066
旅行商问题,8代岛,3,12,8,8,6.20066
旅行商问题,8代岛,3,13,8,0,6.30341
旅行商问题,8代岛,3,13,8,1,6.30341
旅行商问题,8代岛,3,13,8,2,6.30341
旅行商问题,8代岛,3,13,8,3,6.25693
旅行商问题,8代岛,3,13,8,4,6.25693
旅行商问题,8代岛,3,13,8,5,6.25693
旅行商问题,8代岛,3,13,8,6,6.25693
旅行商问题,8代岛,3,13,8,7,6.25693
旅行商问题,8代岛,3,13,8,8,6.25693
旅行商问题,8代岛,3,14,8,0,6.57372
旅行商问题,8代岛,3,14,8,1,6.57372
旅行商问题,8代岛,3,14,8,2,6.52269
旅行商问题,8代岛,3,14,8,3,6.52269
旅行商问题,8代岛,3,14,8,4,6.52269
旅行商问题,8代岛,3,14,8,5,6.52269
旅行商问题,8代岛,3,14,8,6,6.52269
旅行商问题,8代岛,3,14,8,7,6.52269
旅行商问题,8代岛,3,14,8,8,6.52269
旅行商问题,8代岛,3,15,8,0,6.75537
旅行商问题,8代岛,3,15,8,1,6.75537
旅行商问题,8代岛,3,15,8,2,6.60788
旅行商问题,8代岛,3,15,8,3,6.3868
旅行商问题,8代岛,3,15,8,4,6.3868
旅行商问题,8代岛,3,15,8,5,6.34985
旅行商问题,8代岛,3,15,8,6,6.34985
旅行商问题,8代岛,3,15,8,7,6.34985
旅行商问题,8代岛,3,15,8,8,6.34985
旅行商问题,8代岛,3,16,8,0,8.80066
旅行商问题,8代岛,3,16,8,1,6.34985
旅行商问题,8代岛,3,16,8,2,6.34985
旅行商问题,8代岛,3,16,8,3,6.15446
旅行商问题,8代岛,3,16,8,4,6.15446
旅行商问题,8代岛,3,16,8,5,6.15446
旅行商问题,8代岛,3,16,8,6,6.15446
旅行商问题,8代岛,3,16,8,7,6.15446
旅行商问题,8代岛,3,16,8,8,6.15446
旅行商问题,8代岛,3,17,8,0,6.76899
旅行商问题,8代岛,3,17,8,1,6.44563
旅行商问题,8代岛,3,17,8,2,6.44563
旅行商问题,8代岛,3,17,8,3,6.44563
旅行商问题,8代岛,3,17,8,4,6.43317
旅行商问题,8代岛,3,17,8,5,6.43317
旅行商问题,8代岛,3,17,8,6,6.22299
旅行商问题,8代岛,3,17,8,7,6.22299
旅行商问题,8代岛,3,17,8,8,6.22299
旅行商问题,8代岛,3,18,8,0,6.58853
旅行商问题,8代岛,3,18,8,1,6.58853
旅行商问题,8代岛,3,18,8,2,6.58853
旅行商问题,8代岛,3,18,8,3,6.58853
旅行商问题,8代岛,3,18,8,4,6.36311
旅行商问题,8代岛,3,18,8,5,6.36311
旅行商问题,8代岛,3,18,8,6,6.36311
旅行商问题,8代岛,3,18,8,7,6.31425
旅行商问题,8代岛,3,18,8,8,6.20286
旅行商问题,8代岛,3,19,8,0,6.46271
旅行商问题,8代岛,3,19,8,1,6.36849
旅行商问题,8代岛,3,19,8,2,6.36849
旅行商问题,8代岛,3,19,8,3,6.36849
旅行商问题,8代岛,3,19,8,4,6.36849
旅行商问题,8代岛,3,19,8,5,6.36849
旅行商问题,8代岛,3,19,8,6,6.36849
旅行商问题,8代岛,3,19,8,7,6.36849
旅行商问题,8代岛,3,19,8,8,6.36849
旅行商问题,8代岛,3,2,8,0,6.18902
旅行商问题,8代岛,3,2,8,1,6.18902
旅行商问题,8代岛,3,2,8,2,6.18902
旅行商问题,8代岛,3,2,8,3,6.18902
旅行商问题,8代岛,3,2,8,4,6.1667
旅行商问题,8代岛,3,2,8,5,6.1667
旅行商问题,8代岛,3,2,8,6,6.1667
旅行商问题,8代岛,3,2,8,7,6.1667
旅行商问题,8代岛,3,2,8,8,6.1667
旅行商问题,8代岛,3,20,8,0,6.59719
旅行商问题,8代岛,3,20,8,1,6.19744
旅行商问题,8代岛,3,20,8,2,6.19744
旅行商问题,8代岛,3,20,8,3,6.19744
旅行商问题,8代岛,3,20,8,4,6.19744
旅行商问题,8代岛,3,20,8,5,6.19744
旅行商问题,8代岛,3,20,8,6,6.19744
旅行商问题,8代岛,3,20,8,7,6.19744
旅行商问题,8代岛,3,20,8,8,6.19744
旅行商问题,8代岛,3,21,8,0,6.55141
旅行商问题,8代岛,3,21,8,1,6.55141
旅行商问题,8代岛,3,21,8,2,6.10999
旅行商问题,8代岛,3,21,8,3,6.10999
旅行商问题,8代岛,3,21,8,4,6.10999
旅行商问题,8代岛,3,21,8,5,6.10999
旅行商问题,8代岛,3,21,8,6,6.10999
旅行商问题,8代岛,3,21,8,7,6.10999
旅行商问题,8代岛,3,21,8,8,6.10999
旅行商问题,8代岛,3,22,8,0,6.62585
旅行商问题,8代岛,3,22,8,1,6.44507
旅行商问题,8代岛,3,22,8,2,6.44507
旅行商问题,8代岛,3,22,8,3,6.44507
旅行商问题,8代岛,3,22,8,4,6.44507
旅行商问题,8代岛,3,22,8,5,6.20605
旅行商问题,8代岛,3,22,8,6,6.19714
旅行商问题,8代岛,3,22,8,7,6.19714
旅行商问题,8代岛,3,22,8,8,6.19714
旅行商问题,8代岛,3,23,8,0,6.48459
旅行商问题,8代岛,3,23,8,1,6.48459
旅行商问题,8代岛,3,23,8,2,6.48459
旅行商问题,8代岛,3,23,8,3,6.34985
旅行商问题,8代岛,3,23,8,4,6.34985
旅行商问题,8代岛,3,23,8,5,6.34985
旅行商问题,8代岛,3,23,8,6,6.34985
旅行商问题,8代岛,3,23,8,7,6.34985
旅行商问题,8代岛,3,23,8,8,6.34985
旅行商问题,8代岛,3,24,8,0,6.60788
旅行商问题,8代岛,3,24,8,1,6.60788
旅行商问题,8代岛,3,24,8,2,6.60788
旅行商问题,8代岛,3,24,8,3,6.4896
旅行商问题,8代岛,3,24,8,4,6.4896
旅行商问题,8代岛,3,24,8,5,6.4896
旅行商问题,8代岛,3,24,8,6,6.4896
旅行商问题,8代岛,3,24,8,7,6.4896
旅行商问题,8代岛,3,24,8,8,6.4896
旅行商问题,8代岛,3,25,8,0,6.45604
旅行商问题,8代岛,3,25,8,1,6.39538
旅行商问题,8代岛,3,25,8,2,6.34985
旅行商问题,8代岛,3,25,8,3,6.34985
旅行商问题,8代岛,3,25,8,4,6.19483
旅行商问题,8代岛,3,25,8,5,6.19483
旅行商问题,8代岛,3,25,8,6,6.19483
旅行商问题,8代岛,3,25,8,7,6.19483
旅行商问题,8代岛,3,25,8,8,6.19483
旅行商问题,8代岛,3,26,8,0,6.45243
旅行商问题,8代岛,3,26,8,1,6.45243
旅行商问题,8代岛,3,26,8,2,6.19744
旅行商问题,8代岛,3,26,8,3,6.19744
旅行商问题,8代岛,3,26,8,4,6.19744
旅行商问题,8代岛,3,26,8,5,6.19744
旅行商问题,8代岛,3,26,8,6,6.19744
旅行商问题,8代岛,3,26,8,7,6.19744
旅行商问题,8代岛,3,26,8,8,6.19744
旅行商问题,8代岛,3,27,8,0,6.36298
旅行商问题,8代岛,3,27,8,1,6.36298
旅行商问题,8代岛,3,27,8,2,6.36298
旅行商问题,8代岛,3,27,8,3,6.36298
旅行商问题,8代岛,3,27,8,4,6.36298
旅行商问题,8代岛,3,27,8,5,6.36298
旅行商问题,8代岛,3,27,8,6,6.2115
旅行商问题,8代岛,3,27,8,7,6.2115
旅行商问题,8代岛,3,27,8,8,6.2115
旅行商问题,8代岛,3,28,8,0,6.11493
旅行商问题,8代岛,3,28,8,1,6.11493
旅行商问题,8代岛,3,28,8,2,6.11493
旅行商问题,8代岛,3,28,8,3,6.11493
旅行商问题,8代岛,3,28,8,4,6.11493
旅行商问题,8代岛,3,28,8,5,6.11493
旅行商问题,8代岛,3,28,8,6,6.11493
旅行商问题,8代岛,3,28,8,7,6.11493
旅行商问题,8代岛,3,28,8,8,6.11493
旅行商问题,8代岛,3,29,8,0,6.344
旅行商问题,8代岛,3,29,8,1,6.27998
旅行商问题,8代岛,3,29,8,2,6.27998
旅行商问题,8代岛,3,29,8,3,6.27998
旅行商问题,8代岛,3,29,8,4,6.22804
旅行商问题,8代岛,3,29,8,5,6.22804
旅行商问题,8代岛,3,29,8,6,6.22804
旅行商问题,8代岛,3,29,8,7,6.22804
旅行商问题,8代岛,3,29,8,8,6.22804
旅行商问题,8代岛,3,3,8,0,6.34608
旅行商问题,8代岛,3,3,8,1,6.34608
旅行商问题,8代岛,3,3,8,2,6.34608
旅行商问题,8代岛,3,3,8,3,6.27681
旅行商问题,8代岛,3,3,8,4,6.27681
旅行商问题,8代岛,3,3,8,5,6.22262
旅行商问题,8代岛,3,3,8,6,6.22262
旅行商问题,8代岛,3,3,8,7,6.22262
旅行商问题,8代岛,3,3,8,8,6.22262
旅行商问题,8代岛,3,30,8,0,6.90061
旅行商问题,8代岛,3,30,8,1,6.90061
旅行商问题,8代岛,3,30,8,2,6.71187
旅行商问题,8代岛,3,30,8,3,6.64943
旅行商问题,8代岛,3,30,8,4,6.21544
旅行商问题,8代岛,3,30,8,5,6.21544
旅行商问题,8代岛,3,30,8,6,6.21544
旅行商问题,8代岛,3,30,8,7,6.21544
旅行商问题,8代岛,3,30,8,8,6.21029
旅行商问题,8代岛,3,31,8,0,6.18902
旅行商问题,8代岛,3,31,8,1,6.18902
旅行商问题,8代岛,3,31,8,2,6.18902
旅行商问题,8代岛,3,31,8,3,6.18902
旅行商问题,8代岛,3,31,8,4,6.18902
旅行商问题,8代岛,3,31,8,5,6.18902
旅行商问题,8代岛,3,31,8,6,6.18902
旅行商问题,8代岛,3,31,8,7,6.18902
旅行商问题,8代岛,3,31,8,8,6.18902
旅行商问题,8代岛,3,32,8,0,7.45985
旅行商问题,8代岛,3,32,8,1,6.66902
旅行商问题,8代岛,3,32,8,2,6.66902
旅行商问题,8代岛,3,32,8,3,6.66902
旅行商问题,8代岛,3,32,8,4,6.3275
旅行商问题,8代岛,3,32,8,5,6.3275
旅行商问题,8代岛,3,32,8,6,6.3275
旅行商问题,8代岛,3,32,8,7,6.3275
旅行商问题,8代岛,3,32,8,8,6.07672
旅行商问题,8代岛,3,33,8,0,7.04335
旅行商问题,8代岛,3,33,8,1,7.04335
旅行商问题,8代岛,3,33,8,2,7.04335
旅行商问题,8代岛,3,33,8,3,6.34728
旅行商问题,8代岛,3,33,8,4,6.34728
旅行商问题,8代岛,3,33,8,5,6.34728
旅行商问题,8代岛,3,33,8,6,6.34728
旅行商问题,8代岛,3,33,8,7,6.34728
旅行商问题,8代岛,3,33,8,8,6.34728
旅行商问题,8代岛,3,34,8,0,7.1035
旅行商问题,8代岛,3,34,8,1,7.0643
旅行商问题,8代岛,3,34,8,2,6.30341
旅行商问题,8代岛,3,34,8,3,6.30341
旅行商问题,8代岛,3,34,8,4,6.30341
旅行商问题,8代岛,3,34,8,5,6.20115
旅行商问题,8代岛,3,34,8,6,6.13382
旅行商问题,8代岛,3,34,8,7,6.13382
旅行商问题,8代岛,3,34,8,8,6.13382
旅行商问题,8代岛,3,35,8,0,6.30341
旅行商问题,8代岛,3,35,8,1,6.30341
旅行商问题,8代岛,3,35,8,2,6.30341
旅行商问题,8代岛,3,35,8,3,6.30341
旅行商问题,8代岛,3,35,8,4,6.30341
旅行商问题,8代岛,3,35,8,5,6.30341
旅行商问题,8代岛,3,35,8,6,6.30341
旅行商问题,8代岛,3,35,8,7,6.29737
旅行商问题,8代岛,3,35,8,8,6.29737
旅行商问题,8代岛,3,4,8,0,6.52357
旅行商问题,8代岛,3,4,8,1,6.52357
旅行商问题,8代岛,3,4,8,2,6.45556
旅行商问题,8代岛,3,4,8,3,6.30341
旅行商问题,8代岛,3,4,8,4,6.13382
旅行商问题,8代岛,3,4,8,5,6.13382
旅行商问题,8代岛,3,4,8,6,6.13382
旅行商问题,8代岛,3,4,8,7,6.13382
旅行商问题,8代岛,3,4,8,8,6.13382
旅行商问题,8代岛,3,5,8,0,6.60788
旅行商问题,8代岛,3,5,8,1,6.60788
旅行商问题,8代岛,3,5,8,2,6.60788
旅行商问题,8代岛,3,5,8,3,6.34985
旅行商问题,8代岛,3,5,8,4,6.30341
旅行商问题,8代岛,3,5,8,5,6.30341
旅行商问题,8代岛,3,5,8,6,6.15446
旅行商问题,8代岛,3,5,8,7,6.15446
旅行商问题,8代岛,3,5,8,8,6.15446
旅行商问题,8代岛,3,6,8,0,6.09359
旅行商问题,8代岛,3,6,8,1,6.09359
旅行商问题,8代岛,3,6,8,2,6.09359
旅行商问题,8代岛,3,6,8,3,6.09359
旅行商问题,8代岛,3,6,8,4,6.09359
旅行商问题,8代岛,3,6,8,5,6.09359
旅行商问题,8代岛,3,6,8,6,6.09359
旅行商问题,8代岛,3,6,8,7,6.09359
旅行商问题,8代岛,3,6,8,8,6.09359
旅行商问题,8代岛,3,7,8,0,6.13382
旅行商问题,8代岛,3,7,8,1,6.13382
旅行商问题,8代岛,3,7,8,2,6.13382
旅行商问题,8代岛,3,7,8,3,6.13382
旅行商问题,8代岛,3,7,8,4,6.13382
旅行商问题,8代岛,3,7,8,5,6.13382
旅行商问题,8代岛,3,7,8,6,6.13382
旅行商问题,8代岛,3,7,8,7,6.13382
旅行商问题,8代岛,3,7,8,8,6.13382
旅行商问题,8代岛,3,8,8,0,6.60275
旅行商问题,8代岛,3,8,8,1,6.20621
旅行商问题,8代岛,3,8,8,2,6.20621
旅行商问题,8代岛,3,8,8,3,6.20621
旅行商问题,8代岛,3,8,8,4,6.20621
旅行商问题,8代岛,3,8,8,5,6.20621
旅行商问题,8代岛,3,8,8,6,6.20621
旅行商问题,8代岛,3,8,8,7,6.20621
旅行商问题,8代岛,3,8,8,8,6.20621
旅行商问题,8代岛,3,9,8,0,6.20713
旅行商问题,8代岛,3,9,8,1,6.20713
旅行商问题,8代岛,3,9,8,2,6.20713
旅行商问题,8代岛,3,9,8,3,6.20713
旅行商问题,8代岛,3,9,8,4,6.20713
旅行商问题,8代岛,3,9,8,5,6.20713
旅行商问题,8代岛,3,9,8,6,6.20713
旅行商问题,8代岛,3,9,8,7,6.20713
旅行商问题,8代岛,3,9,8,8,6.20713
在线装箱问题,8代岛,4,1,8,0,0.03984
在线装箱问题,8代岛,4,1,8,1,0.01881
在线装箱问题,8代岛,4,1,8,2,0.01881
在线装箱问题,8代岛,4,1,8,3,0.01781
在线装箱问题,8代岛,4,1,8,4,0.01751
在线装箱问题,8代岛,4,1,8,5,0.017
在线装箱问题,8代岛,4,1,8,6,0.017
在线装箱问题,8代岛,4,1,8,7,0.017
在线装箱问题,8代岛,4,1,8,8,0.017
在线装箱问题,8代岛,4,10,8,0,0.03471
在线装箱问题,8代岛,4,10,8,1,0.03471
在线装箱问题,8代岛,4,10,8,2,0.02606
在线装箱问题,8代岛,4,10,8,3,0.02606
在线装箱问题,8代岛,4,10,8,4,0.02606
在线装箱问题,8代岛,4,10,8,5,0.02606
在线装箱问题,8代岛,4,10,8,6,0.02606
在线装箱问题,8代岛,4,10,8,7,0.02606
在线装箱问题,8代岛,4,10,8,8,0.02606
在线装箱问题,8代岛,4,11,8,0,0.56535
在线装箱问题,8代岛,4,11,8,1,0.56535
在线装箱问题,8代岛,4,11,8,2,0.56535
在线装箱问题,8代岛,4,11,8,3,0.03894
在线装箱问题,8代岛,4,11,8,4,0.03894
在线装箱问题,8代岛,4,11,8,5,0.03894
在线装箱问题,8代岛,4,11,8,6,0.03894
在线装箱问题,8代岛,4,11,8,7,0.03894
在线装箱问题,8代岛,4,11,8,8,0.03894
在线装箱问题,8代岛,4,13,8,0,0.03984
在线装箱问题,8代岛,4,13,8,1,0.03984
在线装箱问题,8代岛,4,13,8,2,0.03984
在线装箱问题,8代岛,4,13,8,3,0.03984
在线装箱问题,8代岛,4,13,8,4,0.03984
在线装箱问题,8代岛,4,13,8,5,0.03984
在线装箱问题,8代岛,4,13,8,6,0.03984
在线装箱问题,8代岛,4,13,8,7,0.03984
在线装箱问题,8代岛,4,13,8,8,0.03984
在线装箱问题,8代岛,4,15,8,0,0.03843
在线装箱问题,8代岛,4,15,8,1,0.03843
在线装箱问题,8代岛,4,15,8,2,0.03843
在线装箱问题,8代岛,4,15,8,3,0.03843
在线装箱问题,8代岛,4,15,8,4,0.03843
在线装箱问题,8代岛,4,15,8,5,0.0156
在线装箱问题,8代岛,4,15,8,6,0.0156
在线装箱问题,8代岛,4,15,8,7,0.0156
在线装箱问题,8代岛,4,15,8,8,0.0156
在线装箱问题,8代岛,4,16,8,0,0.03984
在线装箱问题,8代岛,4,16,8,1,0.03984
在线装箱问题,8代岛,4,16,8,2,0.03984
在线装箱问题,8代岛,4,16,8,3,0.03984
在线装箱问题,8代岛,4,16,8,4,0.03984
在线装箱问题,8代岛,4,16,8,5,0.03884
在线装箱问题,8代岛,4,16,8,6,0.03884
在线装箱问题,8代岛,4,16,8,7,0.03884
在线装箱问题,8代岛,4,16,8,8,0.03884
在线装箱问题,8代岛,4,17,8,0,0.00714
在线装箱问题,8代岛,4,17,8,1,0.00714
在线装箱问题,8代岛,4,17,8,2,0.00714
在线装箱问题,8代岛,4,17,8,3,0.00714
在线装箱问题,8代岛,4,17,8,4,0.00714
在线装箱问题,8代岛,4,17,8,5,0.00714
在线装箱问题,8代岛,4,17,8,6,0.00714
在线装箱问题,8代岛,4,17,8,7,0.00714
在线装箱问题,8代岛,4,17,8,8,0.00714
在线装箱问题,8代岛,4,18,8,0,0.03984
在线装箱问题,8代岛,4,18,8,1,0.03984
在线装箱问题,8代岛,4,18,8,2,0.03984
在线装箱问题,8代岛,4,18,8,3,0.03954
在线装箱问题,8代岛,4,18,8,4,0.03954
在线装箱问题,8代岛,4,18,8,5,0.033
在线装箱问题,8代岛,4,18,8,6,0.033
在线装箱问题,8代岛,4,18,8,7,0.033
在线装箱问题,8代岛,4,18,8,8,0.033
在线装箱问题,8代岛,4,19,8,0,0.03984
在线装箱问题,8代岛,4,19,8,1,0.03984
在线装箱问题,8代岛,4,19,8,2,0.03984
在线装箱问题,8代岛,4,19,8,3,0.03884
在线装箱问题,8代岛,4,19,8,4,0.03813
在线装箱问题,8代岛,4,19,8,5,0.03813
在线装箱问题,8代岛,4,19,8,6,0.03813
在线装箱问题,8代岛,4,19,8,7,0.03813
在线装箱问题,8代岛,4,19,8,8,0.03813
在线装箱问题,8代岛,4,2,8,0,0.443
在线装箱问题,8代岛,4,2,8,1,0.36674
在线装箱问题,8代岛,4,2,8,2,0.05383
在线装箱问题,8代岛,4,2,8,3,0.05051
在线装箱问题,8代岛,4,2,8,4,0.03984
在线装箱问题,8代岛,4,2,8,5,0.03984
在线装箱问题,8代岛,4,2,8,6,0.03984
在线装箱问题,8代岛,4,2,8,7,0.03984
在线装箱问题,8代岛,4,2,8,8,0.03521
在线装箱问题,8代岛,4,20,8,0,0.03984
在线装箱问题,8代岛,4,20,8,1,0.03723
在线装箱问题,8代岛,4,20,8,2,0.03723
在线装箱问题,8代岛,4,20,8,3,0.03723
在线装箱问题,8代岛,4,20,8,4,0.03723
在线装箱问题,8代岛,4,20,8,5,0.03723
在线装箱问题,8代岛,4,20,8,6,0.03723
在线装箱问题,8代岛,4,20,8,7,0.03723
在线装箱问题,8代岛,4,20,8,8,0.03723
在线装箱问题,8代岛,4,21,8,0,1.46685
在线装箱问题,8代岛,4,21,8,1,0.03994
在线装箱问题,8代岛,4,21,8,2,0.03984
在线装箱问题,8代岛,4,21,8,3,0.03984
在线装箱问题,8代岛,4,21,8,4,0.03984
在线装箱问题,8代岛,4,21,8,5,0.03984
在线装箱问题,8代岛,4,21,8,6,0.03984
在线装箱问题,8代岛,4,21,8,7,0.03984
在线装箱问题,8代岛,4,21,8,8,0.03964
在线装箱问题,8代岛,4,22,8,0,0.02847
在线装箱问题,8代岛,4,22,8,1,0.02847
在线装箱问题,8代岛,4,22,8,2,0.02847
在线装箱问题,8代岛,4,22,8,3,0.02847
在线装箱问题,8代岛,4,22,8,4,0.02847
在线装箱问题,8代岛,4,22,8,5,0.02847
在线装箱问题,8代岛,4,22,8,6,0.02847
在线装箱问题,8代岛,4,22,8,7,0.02847
在线装箱问题,8代岛,4,22,8,8,0.02847
在线装箱问题,8代岛,4,23,8,0,0.03984
在线装箱问题,8代岛,4,23,8,1,0.03874
在线装箱问题,8代岛,4,23,8,2,0.03874
在线装箱问题,8代岛,4,23,8,3,0.03874
在线装箱问题,8代岛,4,23,8,4,0.03874
在线装箱问题,8代岛,4,23,8,5,0.03874
在线装箱问题,8代岛,4,23,8,6,0.01288
在线装箱问题,8代岛,4,23,8,7,0.01288
在线装箱问题,8代岛,4,23,8,8,0.01288
在线装箱问题,8代岛,4,24,8,0,0.03984
在线装箱问题,8代岛,4,24,8,1,0.03984
在线装箱问题,8代岛,4,24,8,2,0.03984
在线装箱问题,8代岛,4,24,8,3,0.03984
在线装箱问题,8代岛,4,24,8,4,0.03984
在线装箱问题,8代岛,4,24,8,5,0.03984
在线装箱问题,8代岛,4,24,8,6,0.0322
在线装箱问题,8代岛,4,24,8,7,0.0322
在线装箱问题,8代岛,4,24,8,8,0.02596
在线装箱问题,8代岛,4,25,8,0,0.03984
在线装箱问题,8代岛,4,25,8,1,0.03984
在线装箱问题,8代岛,4,25,8,2,0.03984
在线装箱问题,8代岛,4,25,8,3,0.03984
在线装箱问题,8代岛,4,25,8,4,0.02898
在线装箱问题,8代岛,4,25,8,5,0.02888
在线装箱问题,8代岛,4,25,8,6,0.02888
在线装箱问题,8代岛,4,25,8,7,0.02888
在线装箱问题,8代岛,4,25,8,8,0.02888
在线装箱问题,8代岛,4,27,8,0,0.03984
在线装箱问题,8代岛,4,27,8,1,0.03984
在线装箱问题,8代岛,4,27,8,2,0.03984
在线装箱问题,8代岛,4,27,8,3,0.03984
在线装箱问题,8代岛,4,27,8,4,0.02022
在线装箱问题,8代岛,4,27,8,5,0.02022
在线装箱问题,8代岛,4,27,8,6,0.02022
在线装箱问题,8代岛,4,27,8,7,0.02022
在线装箱问题,8代岛,4,27,8,8,0.02022
在线装箱问题,8代岛,4,28,8,0,0.03954
在线装箱问题,8代岛,4,28,8,1,0.03954
在线装箱问题,8代岛,4,28,8,2,0.03954
在线装箱问题,8代岛,4,28,8,3,0.03954
在线装箱问题,8代岛,4,28,8,4,0.03954
在线装箱问题,8代岛,4,28,8,5,0.03954
在线装箱问题,8代岛,4,28,8,6,0.03954
在线装箱问题,8代岛,4,28,8,7,0.03954
在线装箱问题,8代岛,4,28,8,8,0.03954
在线装箱问题,8代岛,4,3,8,0,0.03984
在线装箱问题,8代岛,4,3,8,1,0.03984
在线装箱问题,8代岛,4,3,8,2,0.03984
在线装箱问题,8代岛,4,3,8,3,0.03984
在线装箱问题,8代岛,4,3,8,4,0.03984
在线装箱问题,8代岛,4,3,8,5,0.03984
在线装箱问题,8代岛,4,3,8,6,0.03602
在线装箱问题,8代岛,4,3,8,7,0.03602
在线装箱问题,8代岛,4,3,8,8,0.03602
在线装箱问题,8代岛,4,30,8,0,0.03984
在线装箱问题,8代岛,4,30,8,1,0.03984
在线装箱问题,8代岛,4,30,8,2,0.03984
在线装箱问题,8代岛,4,30,8,3,0.03964
在线装箱问题,8代岛,4,30,8,4,0.03954
在线装箱问题,8代岛,4,30,8,5,0.03954
在线装箱问题,8代岛,4,30,8,6,0.03954
在线装箱问题,8代岛,4,30,8,7,0.03954
在线装箱问题,8代岛,4,30,8,8,0.03954
在线装箱问题,8代岛,4,31,8,0,0.03059
在线装箱问题,8代岛,4,31,8,1,0.03059
在线装箱问题,8代岛,4,31,8,2,0.03059
在线装箱问题,8代岛,4,31,8,3,0.03059
在线装箱问题,8代岛,4,31,8,4,0.03059
在线装箱问题,8代岛,4,31,8,5,0.01841
在线装箱问题,8代岛,4,31,8,6,0.01841
在线装箱问题,8代岛,4,31,8,7,0.01841
在线装箱问题,8代岛,4,31,8,8,0.01841
在线装箱问题,8代岛,4,32,8,0,0.03984
在线装箱问题,8代岛,4,32,8,1,0.03954
在线装箱问题,8代岛,4,32,8,2,0.03954
在线装箱问题,8代岛,4,32,8,3,0.03954
在线装箱问题,8代岛,4,32,8,4,0.03954
在线装箱问题,8代岛,4,32,8,5,0.03954
在线装箱问题,8代岛,4,32,8,6,0.03954
在线装箱问题,8代岛,4,32,8,7,0.03954
在线装箱问题,8代岛,4,32,8,8,0.03954
在线装箱问题,8代岛,4,33,8,0,0.03884
在线装箱问题,8代岛,4,33,8,1,0.03884
在线装箱问题,8代岛,4,33,8,2,0.03884
在线装箱问题,8代岛,4,33,8,3,0.03884
在线装箱问题,8代岛,4,33,8,4,0.03884
在线装箱问题,8代岛,4,33,8,5,0.03884
在线装箱问题,8代岛,4,33,8,6,0.03451
在线装箱问题,8代岛,4,33,8,7,0.03451
在线装箱问题,8代岛,4,33,8,8,0.03451
在线装箱问题,8代岛,4,34,8,0,0.03984
在线装箱问题,8代岛,4,34,8,1,0.03984
在线装箱问题,8代岛,4,34,8,2,0.03984
在线装箱问题,8代岛,4,34,8,3,0.03964
在线装箱问题,8代岛,4,34,8,4,0.03964
在线装箱问题,8代岛,4,34,8,5,0.03894
在线装箱问题,8代岛,4,34,8,6,0.03884
在线装箱问题,8代岛,4,34,8,7,0.03884
在线装箱问题,8代岛,4,34,8,8,0.03843
在线装箱问题,8代岛,4,36,8,0,0.03984
在线装箱问题,8代岛,4,36,8,1,0.03984
在线装箱问题,8代岛,4,36,8,2,0.03984
在线装箱问题,8代岛,4,36,8,3,0.03984
在线装箱问题,8代岛,4,36,8,4,0.03984
在线装箱问题,8代岛,4,36,8,5,0.03984
在线装箱问题,8代岛,4,36,8,6,0.03984
在线装箱问题,8代岛,4,36,8,7,0.03984
在线装箱问题,8代岛,4,36,8,8,0.03984
在线装箱问题,8代岛,4,37,8,0,0.03984
在线装箱问题,8代岛,4,37,8,1,0.03843
在线装箱问题,8代岛,4,37,8,2,0.03843
在线装箱问题,8代岛,4,37,8,3,0.03843
在线装箱问题,8代岛,4,37,8,4,0.03843
在线装箱问题,8代岛,4,37,8,5,0.03843
在线装箱问题,8代岛,4,37,8,6,0.03843
在线装箱问题,8代岛,4,37,8,7,0.03843
在线装箱问题,8代岛,4,37,8,8,0.03843
在线装箱问题,8代岛,4,38,8,0,0.03984
在线装箱问题,8代岛,4,38,8,1,0.03984
在线装箱问题,8代岛,4,38,8,2,0.03984
在线装箱问题,8代岛,4,38,8,3,0.03984
在线装箱问题,8代岛,4,38,8,4,0.03984
在线装箱问题,8代岛,4,38,8,5,0.03984
在线装箱问题,8代岛,4,38,8,6,0.03984
在线装箱问题,8代岛,4,38,8,7,0.03954
在线装箱问题,8代岛,4,38,8,8,0.03864
在线装箱问题,8代岛,4,39,8,0,0.03984
在线装箱问题,8代岛,4,39,8,1,0.01077
在线装箱问题,8代岛,4,39,8,2,0.01077
在线装箱问题,8代岛,4,39,8,3,0.01077
在线装箱问题,8代岛,4,39,8,4,0.01077
在线装箱问题,8代岛,4,39,8,5,0.01077
在线装箱问题,8代岛,4,39,8,6,0.01077
在线装箱问题,8代岛,4,39,8,7,0.01077
在线装箱问题,8代岛,4,39,8,8,0.01077
在线装箱问题,8代岛,4,4,8,0,0.03984
在线装箱问题,8代岛,4,4,8,1,0.03984
在线装箱问题,8代岛,4,4,8,2,0.03854
在线装箱问题,8代岛,4,4,8,3,0.03854
在线装箱问题,8代岛,4,4,8,4,0.02676
在线装箱问题,8代岛,4,4,8,5,0.02676
在线装箱问题,8代岛,4,4,8,6,0.02676
在线装箱问题,8代岛,4,4,8,7,0.02676
在线装箱问题,8代岛,4,4,8,8,0.02676
在线装箱问题,8代岛,4,40,8,0,0.03984
在线装箱问题,8代岛,4,40,8,1,0.03984
在线装箱问题,8代岛,4,40,8,2,0.03984
在线装箱问题,8代岛,4,40,8,3,0.03984
在线装箱问题,8代岛,4,40,8,4,0.03984
在线装箱问题,8代岛,4,40,8,5,0.03984
在线装箱问题,8代岛,4,40,8,6,0.03984
在线装箱问题,8代岛,4,40,8,7,0.03984
在线装箱问题,8代岛,4,40,8,8,0.03984
在线装箱问题,8代岛,4,42,8,0,0.38706
在线装箱问题,8代岛,4,42,8,1,0.3436
在线装箱问题,8代岛,4,42,8,2,0.32589
在线装箱问题,8代岛,4,42,8,3,0.32589
在线装箱问题,8代岛,4,42,8,4,0.32589
在线装箱问题,8代岛,4,42,8,5,0.03984
在线装箱问题,8代岛,4,42,8,6,0.03884
在线装箱问题,8代岛,4,42,8,7,0.02264
在线装箱问题,8代岛,4,42,8,8,0.02264
在线装箱问题,8代岛,4,5,8,0,0.03984
在线装箱问题,8代岛,4,5,8,1,0.03984
在线装箱问题,8代岛,4,5,8,2,0.03984
在线装箱问题,8代岛,4,5,8,3,0.03984
在线装箱问题,8代岛,4,5,8,4,0.03984
在线装箱问题,8代岛,4,5,8,5,0.03984
在线装箱问题,8代岛,4,5,8,6,0.03592
在线装箱问题,8代岛,4,5,8,7,0.03592
在线装箱问题,8代岛,4,5,8,8,0.03592
在线装箱问题,8代岛,4,6,8,0,0.03713
在线装箱问题,8代岛,4,6,8,1,0.03713
在线装箱问题,8代岛,4,6,8,2,0.03713
在线装箱问题,8代岛,4,6,8,3,0.03713
在线装箱问题,8代岛,4,6,8,4,0.03713
在线装箱问题,8代岛,4,6,8,5,0.03713
在线装箱问题,8代岛,4,6,8,6,0.02696
在线装箱问题,8代岛,4,6,8,7,0.02696
在线装箱问题,8代岛,4,6,8,8,0.02696
在线装箱问题,8代岛,4,7,8,0,0.03984
在线装箱问题,8代岛,4,7,8,1,0.03984
在线装箱问题,8代岛,4,7,8,2,0.03984
在线装箱问题,8代岛,4,7,8,3,0.03984
在线装箱问题,8代岛,4,7,8,4,0.03984
在线装箱问题,8代岛,4,7,8,5,0.03904
在线装箱问题,8代岛,4,7,8,6,0.03693
在线装箱问题,8代岛,4,7,8,7,0.03693
在线装箱问题,8代岛,4,7,8,8,0.03693
在线装箱问题,8代岛,4,9,8,0,1.51444
在线装箱问题,8代岛,4,9,8,1,0.03984
在线装箱问题,8代岛,4,9,8,2,0.03984
在线装箱问题,8代岛,4,9,8,3,0.03984
在线装箱问题,8代岛,4,9,8,4,0.03984
在线装箱问题,8代岛,4,9,8,5,0.03984
在线装箱问题,8代岛,4,9,8,6,0.03823
在线装箱问题,8代岛,4,9,8,7,0.03823
在线装箱问题,8代岛,4,9,8,8,0.03823
容量约束车辆路径问题,8代岛,4,1,8,0,13.28321
容量约束车辆路径问题,8代岛,4,1,8,1,12.92812
容量约束车辆路径问题,8代岛,4,1,8,2,12.92812
容量约束车辆路径问题,8代岛,4,1,8,3,12.92812
容量约束车辆路径问题,8代岛,4,1,8,4,12.92812
容量约束车辆路径问题,8代岛,4,1,8,5,12.92812
容量约束车辆路径问题,8代岛,4,1,8,6,12.92812
容量约束车辆路径问题,8代岛,4,1,8,7,12.92812
容量约束车辆路径问题,8代岛,4,1,8,8,12.92812
容量约束车辆路径问题,8代岛,4,10,8,0,13.28321
容量约束车辆路径问题,8代岛,4,10,8,1,13.03297
容量约束车辆路径问题,8代岛,4,10,8,2,12.87844
容量约束车辆路径问题,8代岛,4,10,8,3,12.87844
容量约束车辆路径问题,8代岛,4,10,8,4,12.87844
容量约束车辆路径问题,8代岛,4,10,8,5,12.87844
容量约束车辆路径问题,8代岛,4,10,8,6,12.87844
容量约束车辆路径问题,8代岛,4,10,8,7,12.87844
容量约束车辆路径问题,8代岛,4,10,8,8,12.87844
容量约束车辆路径问题,8代岛,4,11,8,0,13.61078
容量约束车辆路径问题,8代岛,4,11,8,1,13.61078
容量约束车辆路径问题,8代岛,4,11,8,2,13.61078
容量约束车辆路径问题,8代岛,4,11,8,3,13.61078
容量约束车辆路径问题,8代岛,4,11,8,4,13.56397
容量约束车辆路径问题,8代岛,4,11,8,5,13.56397
容量约束车辆路径问题,8代岛,4,11,8,6,13.56397
容量约束车辆路径问题,8代岛,4,11,8,7,13.16702
容量约束车辆路径问题,8代岛,4,11,8,8,13.16702
容量约束车辆路径问题,8代岛,4,12,8,0,13.61078
容量约束车辆路径问题,8代岛,4,12,8,1,13.61078
容量约束车辆路径问题,8代岛,4,12,8,2,13.23646
容量约束车辆路径问题,8代岛,4,12,8,3,13.23646
容量约束车辆路径问题,8代岛,4,12,8,4,13.23646
容量约束车辆路径问题,8代岛,4,12,8,5,13.23646
容量约束车辆路径问题,8代岛,4,12,8,6,13.23646
容量约束车辆路径问题,8代岛,4,12,8,7,13.23646
容量约束车辆路径问题,8代岛,4,12,8,8,13.16767
容量约束车辆路径问题,8代岛,4,13,8,0,12.95157
容量约束车辆路径问题,8代岛,4,13,8,1,12.95157
容量约束车辆路径问题,8代岛,4,13,8,2,12.95157
容量约束车辆路径问题,8代岛,4,13,8,3,12.95157
容量约束车辆路径问题,8代岛,4,13,8,4,12.95157
容量约束车辆路径问题,8代岛,4,13,8,5,12.95157
容量约束车辆路径问题,8代岛,4,13,8,6,12.95157
容量约束车辆路径问题,8代岛,4,13,8,7,12.95157
容量约束车辆路径问题,8代岛,4,13,8,8,12.95157
容量约束车辆路径问题,8代岛,4,14,8,0,12.86269
容量约束车辆路径问题,8代岛,4,14,8,1,12.85319
容量约束车辆路径问题,8代岛,4,14,8,2,12.85319
容量约束车辆路径问题,8代岛,4,14,8,3,12.85319
容量约束车辆路径问题,8代岛,4,14,8,4,12.85319
容量约束车辆路径问题,8代岛,4,14,8,5,12.85319
容量约束车辆路径问题,8代岛,4,14,8,6,12.85319
容量约束车辆路径问题,8代岛,4,14,8,7,12.85319
容量约束车辆路径问题,8代岛,4,14,8,8,12.85319
容量约束车辆路径问题,8代岛,4,15,8,0,13.03297
容量约束车辆路径问题,8代岛,4,15,8,1,13.03297
容量约束车辆路径问题,8代岛,4,15,8,2,13.03297
容量约束车辆路径问题,8代岛,4,15,8,3,13.03297
容量约束车辆路径问题,8代岛,4,15,8,4,12.87913
容量约束车辆路径问题,8代岛,4,15,8,5,12.87913
容量约束车辆路径问题,8代岛,4,15,8,6,12.87913
容量约束车辆路径问题,8代岛,4,15,8,7,12.87913
容量约束车辆路径问题,8代岛,4,15,8,8,12.87913
容量约束车辆路径问题,8代岛,4,16,8,0,13.11383
容量约束车辆路径问题,8代岛,4,16,8,1,13.11383
容量约束车辆路径问题,8代岛,4,16,8,2,13.11383
容量约束车辆路径问题,8代岛,4,16,8,3,12.96732
容量约束车辆路径问题,8代岛,4,16,8,4,12.96732
容量约束车辆路径问题,8代岛,4,16,8,5,12.96732
容量约束车辆路径问题,8代岛,4,16,8,6,12.96732
容量约束车辆路径问题,8代岛,4,16,8,7,12.64832
容量约束车辆路径问题,8代岛,4,16,8,8,12.64832
容量约束车辆路径问题,8代岛,4,17,8,0,13.03297
容量约束车辆路径问题,8代岛,4,17,8,1,13.03297
容量约束车辆路径问题,8代岛,4,17,8,2,13.03297
容量约束车辆路径问题,8代岛,4,17,8,3,12.92954
容量约束车辆路径问题,8代岛,4,17,8,4,12.92954
容量约束车辆路径问题,8代岛,4,17,8,5,12.92954
容量约束车辆路径问题,8代岛,4,17,8,6,12.92954
容量约束车辆路径问题,8代岛,4,17,8,7,12.92954
容量约束车辆路径问题,8代岛,4,17,8,8,12.92954
容量约束车辆路径问题,8代岛,4,18,8,0,12.86269
容量约束车辆路径问题,8代岛,4,18,8,1,12.86269
容量约束车辆路径问题,8代岛,4,18,8,2,12.86269
容量约束车辆路径问题,8代岛,4,18,8,3,12.86269
容量约束车辆路径问题,8代岛,4,18,8,4,12.86269
容量约束车辆路径问题,8代岛,4,18,8,5,12.86269
容量约束车辆路径问题,8代岛,4,18,8,6,12.82158
容量约束车辆路径问题,8代岛,4,18,8,7,12.82158
容量约束车辆路径问题,8代岛,4,18,8,8,12.82158
容量约束车辆路径问题,8代岛,4,19,8,0,13.28321
容量约束车辆路径问题,8代岛,4,19,8,1,13.1079
容量约束车辆路径问题,8代岛,4,19,8,2,13.1079
容量约束车辆路径问题,8代岛,4,19,8,3,12.83074
容量约束车辆路径问题,8代岛,4,19,8,4,12.83074
容量约束车辆路径问题,8代岛,4,19,8,5,12.83074
容量约束车辆路径问题,8代岛,4,19,8,6,12.83074
容量约束车辆路径问题,8代岛,4,19,8,7,12.83074
容量约束车辆路径问题,8代岛,4,19,8,8,12.83074
容量约束车辆路径问题,8代岛,4,2,8,0,13.61078
容量约束车辆路径问题,8代岛,4,2,8,1,13.56397
容量约束车辆路径问题,8代岛,4,2,8,2,13.56397
容量约束车辆路径问题,8代岛,4,2,8,3,13.29968
容量约束车辆路径问题,8代岛,4,2,8,4,13.23646
容量约束车辆路径问题,8代岛,4,2,8,5,13.23646
容量约束车辆路径问题,8代岛,4,2,8,6,13.23646
容量约束车辆路径问题,8代岛,4,2,8,7,13.23646
容量约束车辆路径问题,8代岛,4,2,8,8,13.23646
容量约束车辆路径问题,8代岛,4,20,8,0,13.28321
容量约束车辆路径问题,8代岛,4,20,8,1,12.94691
容量约束车辆路径问题,8代岛,4,20,8,2,12.66847
容量约束车辆路径问题,8代岛,4,20,8,3,12.66847
容量约束车辆路径问题,8代岛,4,20,8,4,12.66847
容量约束车辆路径问题,8代岛,4,20,8,5,12.66847
容量约束车辆路径问题,8代岛,4,20,8,6,12.66847
容量约束车辆路径问题,8代岛,4,20,8,7,12.66847
容量约束车辆路径问题,8代岛,4,20,8,8,12.61951
容量约束车辆路径问题,8代岛,4,21,8,0,13.28321
容量约束车辆路径问题,8代岛,4,21,8,1,13.2133
容量约束车辆路径问题,8代岛,4,21,8,2,13.2133
容量约束车辆路径问题,8代岛,4,21,8,3,13.2133
容量约束车辆路径问题,8代岛,4,21,8,4,13.2133
容量约束车辆路径问题,8代岛,4,21,8,5,13.2133
容量约束车辆路径问题,8代岛,4,21,8,6,13.03297
容量约束车辆路径问题,8代岛,4,21,8,7,13.03297
容量约束车辆路径问题,8代岛,4,21,8,8,13.03297
容量约束车辆路径问题,8代岛,4,22,8,0,12.86269
容量约束车辆路径问题,8代岛,4,22,8,1,12.86269
容量约束车辆路径问题,8代岛,4,22,8,2,12.86269
容量约束车辆路径问题,8代岛,4,22,8,3,12.86269
容量约束车辆路径问题,8代岛,4,22,8,4,12.86269
容量约束车辆路径问题,8代岛,4,22,8,5,12.86269
容量约束车辆路径问题,8代岛,4,22,8,6,12.86269
容量约束车辆路径问题,8代岛,4,22,8,7,12.86269
容量约束车辆路径问题,8代岛,4,22,8,8,12.86269
容量约束车辆路径问题,8代岛,4,23,8,0,12.86269
容量约束车辆路径问题,8代岛,4,23,8,1,12.86269
容量约束车辆路径问题,8代岛,4,23,8,2,12.86269
容量约束车辆路径问题,8代岛,4,23,8,3,12.86269
容量约束车辆路径问题,8代岛,4,23,8,4,12.86269
容量约束车辆路径问题,8代岛,4,23,8,5,12.86269
容量约束车辆路径问题,8代岛,4,23,8,6,12.6036
容量约束车辆路径问题,8代岛,4,23,8,7,12.6036
容量约束车辆路径问题,8代岛,4,23,8,8,12.6036
容量约束车辆路径问题,8代岛,4,24,8,0,13.28321
容量约束车辆路径问题,8代岛,4,24,8,1,13.23646
容量约束车辆路径问题,8代岛,4,24,8,2,13.23646
容量约束车辆路径问题,8代岛,4,24,8,3,13.12619
容量约束车辆路径问题,8代岛,4,24,8,4,13.12619
容量约束车辆路径问题,8代岛,4,24,8,5,13.03297
容量约束车辆路径问题,8代岛,4,24,8,6,13.03297
容量约束车辆路径问题,8代岛,4,24,8,7,12.9105
容量约束车辆路径问题,8代岛,4,24,8,8,12.9105
容量约束车辆路径问题,8代岛,4,25,8,0,13.11356
容量约束车辆路径问题,8代岛,4,25,8,1,13.11356
容量约束车辆路径问题,8代岛,4,25,8,2,13.11356
容量约束车辆路径问题,8代岛,4,25,8,3,12.8625
容量约束车辆路径问题,8代岛,4,25,8,4,12.8625
容量约束车辆路径问题,8代岛,4,25,8,5,12.8625
容量约束车辆路径问题,8代岛,4,25,8,6,12.8625
容量约束车辆路径问题,8代岛,4,25,8,7,12.8625
容量约束车辆路径问题,8代岛,4,25,8,8,12.8625
容量约束车辆路径问题,8代岛,4,26,8,0,12.86269
容量约束车辆路径问题,8代岛,4,26,8,1,12.86269
容量约束车辆路径问题,8代岛,4,26,8,2,12.82329
容量约束车辆路径问题,8代岛,4,26,8,3,12.82329
容量约束车辆路径问题,8代岛,4,26,8,4,12.82329
容量约束车辆路径问题,8代岛,4,26,8,5,12.82329
容量约束车辆路径问题,8代岛,4,26,8,6,12.82329
容量约束车辆路径问题,8代岛,4,26,8,7,12.82329
容量约束车辆路径问题,8代岛,4,26,8,8,12.82329
容量约束车辆路径问题,8代岛,4,27,8,0,13.28321
容量约束车辆路径问题,8代岛,4,27,8,1,13.28321
容量约束车辆路径问题,8代岛,4,27,8,2,12.96176
容量约束车辆路径问题,8代岛,4,27,8,3,12.96176
容量约束车辆路径问题,8代岛,4,27,8,4,12.96176
容量约束车辆路径问题,8代岛,4,27,8,5,12.96176
容量约束车辆路径问题,8代岛,4,27,8,6,12.96176
容量约束车辆路径问题,8代岛,4,27,8,7,12.96176
容量约束车辆路径问题,8代岛,4,27,8,8,12.96176
容量约束车辆路径问题,8代岛,4,28,8,0,12.87913
容量约束车辆路径问题,8代岛,4,28,8,1,12.87913
容量约束车辆路径问题,8代岛,4,28,8,2,12.87913
容量约束车辆路径问题,8代岛,4,28,8,3,12.87913
容量约束车辆路径问题,8代岛,4,28,8,4,12.87913
容量约束车辆路径问题,8代岛,4,28,8,5,12.87913
容量约束车辆路径问题,8代岛,4,28,8,6,12.87913
容量约束车辆路径问题,8代岛,4,28,8,7,12.87913
容量约束车辆路径问题,8代岛,4,28,8,8,12.87913
容量约束车辆路径问题,8代岛,4,29,8,0,13.28321
容量约束车辆路径问题,8代岛,4,29,8,1,13.28321
容量约束车辆路径问题,8代岛,4,29,8,2,13.28321
容量约束车辆路径问题,8代岛,4,29,8,3,13.28321
容量约束车辆路径问题,8代岛,4,29,8,4,12.86269
容量约束车辆路径问题,8代岛,4,29,8,5,12.86269
容量约束车辆路径问题,8代岛,4,29,8,6,12.63155
容量约束车辆路径问题,8代岛,4,29,8,7,12.63155
容量约束车辆路径问题,8代岛,4,29,8,8,12.63155
容量约束车辆路径问题,8代岛,4,3,8,0,12.86269
容量约束车辆路径问题,8代岛,4,3,8,1,12.86269
容量约束车辆路径问题,8代岛,4,3,8,2,12.86269
容量约束车辆路径问题,8代岛,4,3,8,3,12.86269
容量约束车辆路径问题,8代岛,4,3,8,4,12.86269
容量约束车辆路径问题,8代岛,4,3,8,5,12.85885
容量约束车辆路径问题,8代岛,4,3,8,6,12.67134
容量约束车辆路径问题,8代岛,4,3,8,7,12.5793
容量约束车辆路径问题,8代岛,4,3,8,8,12.5793
容量约束车辆路径问题,8代岛,4,30,8,0,13.27188
容量约束车辆路径问题,8代岛,4,30,8,1,13.27188
容量约束车辆路径问题,8代岛,4,30,8,2,12.95474
容量约束车辆路径问题,8代岛,4,30,8,3,12.95474
容量约束车辆路径问题,8代岛,4,30,8,4,12.95474
容量约束车辆路径问题,8代岛,4,30,8,5,12.95474
容量约束车辆路径问题,8代岛,4,30,8,6,12.83238
容量约束车辆路径问题,8代岛,4,30,8,7,12.83238
容量约束车辆路径问题,8代岛,4,30,8,8,12.83238
容量约束车辆路径问题,8代岛,4,31,8,0,13.20179
容量约束车辆路径问题,8代岛,4,31,8,1,13.20179
容量约束车辆路径问题,8代岛,4,31,8,2,13.20179
容量约束车辆路径问题,8代岛,4,31,8,3,13.20179
容量约束车辆路径问题,8代岛,4,31,8,4,13.20179
容量约束车辆路径问题,8代岛,4,31,8,5,13.03297
容量约束车辆路径问题,8代岛,4,31,8,6,13.03297
容量约束车辆路径问题,8代岛,4,31,8,7,13.03297
容量约束车辆路径问题,8代岛,4,31,8,8,13.03297
容量约束车辆路径问题,8代岛,4,32,8,0,13.61078
容量约束车辆路径问题,8代岛,4,32,8,1,13.03297
容量约束车辆路径问题,8代岛,4,32,8,2,13.03297
容量约束车辆路径问题,8代岛,4,32,8,3,13.03297
容量约束车辆路径问题,8代岛,4,32,8,4,12.60226
容量约束车辆路径问题,8代岛,4,32,8,5,12.60226
容量约束车辆路径问题,8代岛,4,32,8,6,12.60226
容量约束车辆路径问题,8代岛,4,32,8,7,12.60226
容量约束车辆路径问题,8代岛,4,32,8,8,12.60226
容量约束车辆路径问题,8代岛,4,33,8,0,13.1533
容量约束车辆路径问题,8代岛,4,33,8,1,12.70519
容量约束车辆路径问题,8代岛,4,33,8,2,12.70519
容量约束车辆路径问题,8代岛,4,33,8,3,12.70519
容量约束车辆路径问题,8代岛,4,33,8,4,12.70519
容量约束车辆路径问题,8代岛,4,33,8,5,12.70519
容量约束车辆路径问题,8代岛,4,33,8,6,12.70519
容量约束车辆路径问题,8代岛,4,33,8,7,12.70519
容量约束车辆路径问题,8代岛,4,33,8,8,12.70519
容量约束车辆路径问题,8代岛,4,34,8,0,13.24429
容量约束车辆路径问题,8代岛,4,34,8,1,12.89669
容量约束车辆路径问题,8代岛,4,34,8,2,12.81804
容量约束车辆路径问题,8代岛,4,34,8,3,12.81804
容量约束车辆路径问题,8代岛,4,34,8,4,12.81804
容量约束车辆路径问题,8代岛,4,34,8,5,12.81804
容量约束车辆路径问题,8代岛,4,34,8,6,12.70026
容量约束车辆路径问题,8代岛,4,34,8,7,12.70026
容量约束车辆路径问题,8代岛,4,34,8,8,12.70026
容量约束车辆路径问题,8代岛,4,35,8,0,13.15628
容量约束车辆路径问题,8代岛,4,35,8,1,13.08899
容量约束车辆路径问题,8代岛,4,35,8,2,13.03297
容量约束车辆路径问题,8代岛,4,35,8,3,13.03297
容量约束车辆路径问题,8代岛,4,35,8,4,12.8466
容量约束车辆路径问题,8代岛,4,35,8,5,12.8466
容量约束车辆路径问题,8代岛,4,35,8,6,12.8466
容量约束车辆路径问题,8代岛,4,35,8,7,12.81825
容量约束车辆路径问题,8代岛,4,35,8,8,12.81825
容量约束车辆路径问题,8代岛,4,36,8,0,13.28321
容量约束车辆路径问题,8代岛,4,36,8,1,13.26803
容量约束车辆路径问题,8代岛,4,36,8,2,12.90604
容量约束车辆路径问题,8代岛,4,36,8,3,12.90604
容量约束车辆路径问题,8代岛,4,36,8,4,12.90604
容量约束车辆路径问题,8代岛,4,36,8,5,12.90604
容量约束车辆路径问题,8代岛,4,36,8,6,12.90604
容量约束车辆路径问题,8代岛,4,36,8,7,12.90604
容量约束车辆路径问题,8代岛,4,36,8,8,12.90604
容量约束车辆路径问题,8代岛,4,4,8,0,12.86269
容量约束车辆路径问题,8代岛,4,4,8,1,12.86269
容量约束车辆路径问题,8代岛,4,4,8,2,12.83295
容量约束车辆路径问题,8代岛,4,4,8,3,12.83295
容量约束车辆路径问题,8代岛,4,4,8,4,12.83295
容量约束车辆路径问题,8代岛,4,4,8,5,12.80785
容量约束车辆路径问题,8代岛,4,4,8,6,12.80785
容量约束车辆路径问题,8代岛,4,4,8,7,12.80785
容量约束车辆路径问题,8代岛,4,4,8,8,12.55053
容量约束车辆路径问题,8代岛,4,5,8,0,13.56397
容量约束车辆路径问题,8代岛,4,5,8,1,13.56397
容量约束车辆路径问题,8代岛,4,5,8,2,13.56397
容量约束车辆路径问题,8代岛,4,5,8,3,13.56371
容量约束车辆路径问题,8代岛,4,5,8,4,13.56371
容量约束车辆路径问题,8代岛,4,5,8,5,13.56371
容量约束车辆路径问题,8代岛,4,5,8,6,13.28515
容量约束车辆路径问题,8代岛,4,5,8,7,13.28515
容量约束车辆路径问题,8代岛,4,5,8,8,13.28515
容量约束车辆路径问题,8代岛,4,6,8,0,13.56397
容量约束车辆路径问题,8代岛,4,6,8,1,13.56397
容量约束车辆路径问题,8代岛,4,6,8,2,13.56397
容量约束车辆路径问题,8代岛,4,6,8,3,13.56397
容量约束车辆路径问题,8代岛,4,6,8,4,13.56397
容量约束车辆路径问题,8代岛,4,6,8,5,13.56249
容量约束车辆路径问题,8代岛,4,6,8,6,13.56249
容量约束车辆路径问题,8代岛,4,6,8,7,13.23646
容量约束车辆路径问题,8代岛,4,6,8,8,13.23646
容量约束车辆路径问题,8代岛,4,7,8,0,13.56371
容量约束车辆路径问题,8代岛,4,7,8,1,13.43042
容量约束车辆路径问题,8代岛,4,7,8,2,13.23646
容量约束车辆路径问题,8代岛,4,7,8,3,13.23646
容量约束车辆路径问题,8代岛,4,7,8,4,13.23646
容量约束车辆路径问题,8代岛,4,7,8,5,13.23646
容量约束车辆路径问题,8代岛,4,7,8,6,13.23646
容量约束车辆路径问题,8代岛,4,7,8,7,13.23646
容量约束车辆路径问题,8代岛,4,7,8,8,13.23646
容量约束车辆路径问题,8代岛,4,8,8,0,13.28321
容量约束车辆路径问题,8代岛,4,8,8,1,13.28321
容量约束车辆路径问题,8代岛,4,8,8,2,13.28321
容量约束车辆路径问题,8代岛,4,8,8,3,13.23646
容量约束车辆路径问题,8代岛,4,8,8,4,13.23646
容量约束车辆路径问题,8代岛,4,8,8,5,13.23646
容量约束车辆路径问题,8代岛,4,8,8,6,13.23646
容量约束车辆路径问题,8代岛,4,8,8,7,13.23646
容量约束车辆路径问题,8代岛,4,8,8,8,13.03297
容量约束车辆路径问题,8代岛,4,9,8,0,13.28321
容量约束车辆路径问题,8代岛,4,9,8,1,13.03297
容量约束车辆路径问题,8代岛,4,9,8,2,13.03297
容量约束车辆路径问题,8代岛,4,9,8,3,13.03297
容量约束车辆路径问题,8代岛,4,9,8,4,13.03297
容量约束车辆路径问题,8代岛,4,9,8,5,13.03297
容量约束车辆路径问题,8代岛,4,9,8,6,13.03297
容量约束车辆路径问题,8代岛,4,9,8,7,13.03297
容量约束车辆路径问题,8代岛,4,9,8,8,12.85647
旅行商问题,8代岛,4,1,8,0,6.60788
旅行商问题,8代岛,4,1,8,1,6.23281
旅行商问题,8代岛,4,1,8,2,6.23281
旅行商问题,8代岛,4,1,8,3,6.22059
旅行商问题,8代岛,4,1,8,4,6.22059
旅行商问题,8代岛,4,1,8,5,6.22059
旅行商问题,8代岛,4,1,8,6,6.22059
旅行商问题,8代岛,4,1,8,7,6.22059
旅行商问题,8代岛,4,1,8,8,6.22059
旅行商问题,8代岛,4,10,8,0,7.04335
旅行商问题,8代岛,4,10,8,1,6.60685
旅行商问题,8代岛,4,10,8,2,6.60685
旅行商问题,8代岛,4,10,8,3,6.60685
旅行商问题,8代岛,4,10,8,4,6.60685
旅行商问题,8代岛,4,10,8,5,6.20248
旅行商问题,8代岛,4,10,8,6,6.20248
旅行商问题,8代岛,4,10,8,7,6.20248
旅行商问题,8代岛,4,10,8,8,6.20248
旅行商问题,8代岛,4,11,8,0,6.77804
旅行商问题,8代岛,4,11,8,1,6.77804
旅行商问题,8代岛,4,11,8,2,6.77804
旅行商问题,8代岛,4,11,8,3,6.59777
旅行商问题,8代岛,4,11,8,4,6.44821
旅行商问题,8代岛,4,11,8,5,6.44821
旅行商问题,8代岛,4,11,8,6,6.44821
旅行商问题,8代岛,4,11,8,7,6.44821
旅行商问题,8代岛,4,11,8,8,6.44821
旅行商问题,8代岛,4,12,8,0,6.20007
旅行商问题,8代岛,4,12,8,1,6.20007
旅行商问题,8代岛,4,12,8,2,6.20007
旅行商问题,8代岛,4,12,8,3,6.20007
旅行商问题,8代岛,4,12,8,4,6.20007
旅行商问题,8代岛,4,12,8,5,6.20007
旅行商问题,8代岛,4,12,8,6,6.20007
旅行商问题,8代岛,4,12,8,7,6.20007
旅行商问题,8代岛,4,12,8,8,6.20007
旅行商问题,8代岛,4,13,8,0,6.39414
旅行商问题,8代岛,4,13,8,1,6.39414
旅行商问题,8代岛,4,13,8,2,6.34617
旅行商问题,8代岛,4,13,8,3,6.34617
旅行商问题,8代岛,4,13,8,4,6.34617
旅行商问题,8代岛,4,13,8,5,6.34617
旅行商问题,8代岛,4,13,8,6,6.31199
旅行商问题,8代岛,4,13,8,7,6.31199
旅行商问题,8代岛,4,13,8,8,6.31199
旅行商问题,8代岛,4,14,8,0,6.07672
旅行商问题,8代岛,4,14,8,1,6.07672
旅行商问题,8代岛,4,14,8,2,6.07672
旅行商问题,8代岛,4,14,8,3,6.07672
旅行商问题,8代岛,4,14,8,4,6.07672
旅行商问题,8代岛,4,14,8,5,6.07672
旅行商问题,8代岛,4,14,8,6,6.07672
旅行商问题,8代岛,4,14,8,7,6.07672
旅行商问题,8代岛,4,14,8,8,6.07672
旅行商问题,8代岛,4,15,8,0,6.49489
旅行商问题,8代岛,4,15,8,1,6.49489
旅行商问题,8代岛,4,15,8,2,6.35918
旅行商问题,8代岛,4,15,8,3,6.31138
旅行商问题,8代岛,4,15,8,4,6.31138
旅行商问题,8代岛,4,15,8,5,6.31138
旅行商问题,8代岛,4,15,8,6,6.31138
旅行商问题,8代岛,4,15,8,7,6.31138
旅行商问题,8代岛,4,15,8,8,6.31138
旅行商问题,8代岛,4,16,8,0,6.79914
旅行商问题,8代岛,4,16,8,1,6.79914
旅行商问题,8代岛,4,16,8,2,6.61473
旅行商问题,8代岛,4,16,8,3,6.61473
旅行商问题,8代岛,4,16,8,4,6.61473
旅行商问题,8代岛,4,16,8,5,6.48022
旅行商问题,8代岛,4,16,8,6,6.48022
旅行商问题,8代岛,4,16,8,7,6.07672
旅行商问题,8代岛,4,16,8,8,6.07672
旅行商问题,8代岛,4,17,8,0,6.60785
旅行商问题,8代岛,4,17,8,1,6.60785
旅行商问题,8代岛,4,17,8,2,6.54524
旅行商问题,8代岛,4,17,8,3,6.54524
旅行商问题,8代岛,4,17,8,4,6.54524
旅行商问题,8代岛,4,17,8,5,6.54524
旅行商问题,8代岛,4,17,8,6,6.54524
旅行商问题,8代岛,4,17,8,7,6.54524
旅行商问题,8代岛,4,17,8,8,6.54524
旅行商问题,8代岛,4,18,8,0,6.59446
旅行商问题,8代岛,4,18,8,1,6.59446
旅行商问题,8代岛,4,18,8,2,6.30419
旅行商问题,8代岛,4,18,8,3,6.30419
旅行商问题,8代岛,4,18,8,4,6.30419
旅行商问题,8代岛,4,18,8,5,6.30419
旅行商问题,8代岛,4,18,8,6,6.30419
旅行商问题,8代岛,4,18,8,7,6.30419
旅行商问题,8代岛,4,18,8,8,6.30419
旅行商问题,8代岛,4,19,8,0,6.60788
旅行商问题,8代岛,4,19,8,1,6.60788
旅行商问题,8代岛,4,19,8,2,6.60788
旅行商问题,8代岛,4,19,8,3,6.60788
旅行商问题,8代岛,4,19,8,4,6.60788
旅行商问题,8代岛,4,19,8,5,6.60788
旅行商问题,8代岛,4,19,8,6,6.34985
旅行商问题,8代岛,4,19,8,7,6.34985
旅行商问题,8代岛,4,19,8,8,6.31564
旅行商问题,8代岛,4,2,8,0,6.33862
旅行商问题,8代岛,4,2,8,1,6.20115
旅行商问题,8代岛,4,2,8,2,6.20115
旅行商问题,8代岛,4,2,8,3,6.20115
旅行商问题,8代岛,4,2,8,4,6.20115
旅行商问题,8代岛,4,2,8,5,6.20115
旅行商问题,8代岛,4,2,8,6,6.20115
旅行商问题,8代岛,4,2,8,7,6.20115
旅行商问题,8代岛,4,2,8,8,6.20115
旅行商问题,8代岛,4,20,8,0,6.53081
旅行商问题,8代岛,4,20,8,1,6.53081
旅行商问题,8代岛,4,20,8,2,6.53081
旅行商问题,8代岛,4,20,8,3,6.53081
旅行商问题,8代岛,4,20,8,4,6.31752
旅行商问题,8代岛,4,20,8,5,6.31752
旅行商问题,8代岛,4,20,8,6,6.31752
旅行商问题,8代岛,4,20,8,7,6.31752
旅行商问题,8代岛,4,20,8,8,6.30341
旅行商问题,8代岛,4,21,8,0,6.60788
旅行商问题,8代岛,4,21,8,1,6.60788
旅行商问题,8代岛,4,21,8,2,6.52667
旅行商问题,8代岛,4,21,8,3,6.52667
旅行商问题,8代岛,4,21,8,4,6.52667
旅行商问题,8代岛,4,21,8,5,6.52667
旅行商问题,8代岛,4,21,8,6,6.52667
旅行商问题,8代岛,4,21,8,7,6.52667
旅行商问题,8代岛,4,21,8,8,6.52667
旅行商问题,8代岛,4,22,8,0,6.61622
旅行商问题,8代岛,4,22,8,1,6.61622
旅行商问题,8代岛,4,22,8,2,6.59726
旅行商问题,8代岛,4,22,8,3,6.31564
旅行商问题,8代岛,4,22,8,4,6.2864
旅行商问题,8代岛,4,22,8,5,6.2864
旅行商问题,8代岛,4,22,8,6,6.2864
旅行商问题,8代岛,4,22,8,7,6.2864
旅行商问题,8代岛,4,22,8,8,6.2864
旅行商问题,8代岛,4,23,8,0,6.35515
旅行商问题,8代岛,4,23,8,1,6.34985
旅行商问题,8代岛,4,23,8,2,6.34985
旅行商问题,8代岛,4,23,8,3,6.34985
旅行商问题,8代岛,4,23,8,4,6.34985
旅行商问题,8代岛,4,23,8,5,6.34985
旅行商问题,8代岛,4,23,8,6,6.34985
旅行商问题,8代岛,4,23,8,7,6.34985
旅行商问题,8代岛,4,23,8,8,6.34985
旅行商问题,8代岛,4,24,8,0,6.30442
旅行商问题,8代岛,4,24,8,1,6.30442
旅行商问题,8代岛,4,24,8,2,6.08875
旅行商问题,8代岛,4,24,8,3,6.08875
旅行商问题,8代岛,4,24,8,4,6.08875
旅行商问题,8代岛,4,24,8,5,6.08875
旅行商问题,8代岛,4,24,8,6,6.08875
旅行商问题,8代岛,4,24,8,7,6.08875
旅行商问题,8代岛,4,24,8,8,6.08875
旅行商问题,8代岛,4,25,8,0,6.72373
旅行商问题,8代岛,4,25,8,1,6.39373
旅行商问题,8代岛,4,25,8,2,6.39373
旅行商问题,8代岛,4,25,8,3,6.39373
旅行商问题,8代岛,4,25,8,4,6.29373
旅行商问题,8代岛,4,25,8,5,6.29373
旅行商问题,8代岛,4,25,8,6,6.29373
旅行商问题,8代岛,4,25,8,7,6.29373
旅行商问题,8代岛,4,25,8,8,6.29373
旅行商问题,8代岛,4,26,8,0,6.1429
旅行商问题,8代岛,4,26,8,1,6.1429
旅行商问题,8代岛,4,26,8,2,6.1429
旅行商问题,8代岛,4,26,8,3,6.1429
旅行商问题,8代岛,4,26,8,4,6.1429
旅行商问题,8代岛,4,26,8,5,6.1429
旅行商问题,8代岛,4,26,8,6,6.1429
旅行商问题,8代岛,4,26,8,7,6.1429
旅行商问题,8代岛,4,26,8,8,6.1429
旅行商问题,8代岛,4,27,8,0,6.45147
旅行商问题,8代岛,4,27,8,1,6.45147
旅行商问题,8代岛,4,27,8,2,6.45147
旅行商问题,8代岛,4,27,8,3,6.36095
旅行商问题,8代岛,4,27,8,4,6.36095
旅行商问题,8代岛,4,27,8,5,6.36095
旅行商问题,8代岛,4,27,8,6,6.36095
旅行商问题,8代岛,4,27,8,7,6.32839
旅行商问题,8代岛,4,27,8,8,6.32839
旅行商问题,8代岛,4,28,8,0,6.37772
旅行商问题,8代岛,4,28,8,1,6.37772
旅行商问题,8代岛,4,28,8,2,6.37772
旅行商问题,8代岛,4,28,8,3,6.37772
旅行商问题,8代岛,4,28,8,4,6.37772
旅行商问题,8代岛,4,28,8,5,6.37772
旅行商问题,8代岛,4,28,8,6,6.37772
旅行商问题,8代岛,4,28,8,7,6.37772
旅行商问题,8代岛,4,28,8,8,6.37772
旅行商问题,8代岛,4,29,8,0,6.35051
旅行商问题,8代岛,4,29,8,1,6.35051
旅行商问题,8代岛,4,29,8,2,6.19754
旅行商问题,8代岛,4,29,8,3,6.19754
旅行商问题,8代岛,4,29,8,4,6.19754
旅行商问题,8代岛,4,29,8,5,6.19754
旅行商问题,8代岛,4,29,8,6,6.19754
旅行商问题,8代岛,4,29,8,7,6.19754
旅行商问题,8代岛,4,29,8,8,6.07672
旅行商问题,8代岛,4,3,8,0,6.41209
旅行商问题,8代岛,4,3,8,1,6.41209
旅行商问题,8代岛,4,3,8,2,6.29872
旅行商问题,8代岛,4,3,8,3,6.29872
旅行商问题,8代岛,4,3,8,4,6.18239
旅行商问题,8代岛,4,3,8,5,6.18239
旅行商问题,8代岛,4,3,8,6,6.18239
旅行商问题,8代岛,4,3,8,7,6.15449
旅行商问题,8代岛,4,3,8,8,6.15449
旅行商问题,8代岛,4,30,8,0,6.80775
旅行商问题,8代岛,4,30,8,1,6.72031
旅行商问题,8代岛,4,30,8,2,6.50107
旅行商问题,8代岛,4,30,8,3,6.50107
旅行商问题,8代岛,4,30,8,4,6.49812
旅行商问题,8代岛,4,30,8,5,6.49812
旅行商问题,8代岛,4,30,8,6,6.39373
旅行商问题,8代岛,4,30,8,7,6.22252
旅行商问题,8代岛,4,30,8,8,6.22252
旅行商问题,8代岛,4,31,8,0,7.18801
旅行商问题,8代岛,4,31,8,1,6.69234
旅行商问题,8代岛,4,31,8,2,6.66767
旅行商问题,8代岛,4,31,8,3,6.66767
旅行商问题,8代岛,4,31,8,4,6.66767
旅行商问题,8代岛,4,31,8,5,6.55503
旅行商问题,8代岛,4,31,8,6,6.55503
旅行商问题,8代岛,4,31,8,7,6.55503
旅行商问题,8代岛,4,31,8,8,6.55503
旅行商问题,8代岛,4,32,8,0,6.31369
旅行商问题,8代岛,4,32,8,1,6.31369
旅行商问题,8代岛,4,32,8,2,6.31369
旅行商问题,8代岛,4,32,8,3,6.30341
旅行商问题,8代岛,4,32,8,4,6.30341
旅行商问题,8代岛,4,32,8,5,6.30341
旅行商问题,8代岛,4,32,8,6,6.30341
旅行商问题,8代岛,4,32,8,7,6.30341
旅行商问题,8代岛,4,32,8,8,6.30341
旅行商问题,8代岛,4,33,8,0,8.21709
旅行商问题,8代岛,4,33,8,1,8.21709
旅行商问题,8代岛,4,33,8,2,6.21544
旅行商问题,8代岛,4,33,8,3,6.21544
旅行商问题,8代岛,4,33,8,4,6.21544
旅行商问题,8代岛,4,33,8,5,6.20412
旅行商问题,8代岛,4,33,8,6,6.20412
旅行商问题,8代岛,4,33,8,7,6.20412
旅行商问题,8代岛,4,33,8,8,6.20412
旅行商问题,8代岛,4,34,8,0,6.61993
旅行商问题,8代岛,4,34,8,1,6.29488
旅行商问题,8代岛,4,34,8,2,6.29488
旅行商问题,8代岛,4,34,8,3,6.29488
旅行商问题,8代岛,4,34,8,4,6.29488
旅行商问题,8代岛,4,34,8,5,6.29488
旅行商问题,8代岛,4,34,8,6,6.29488
旅行商问题,8代岛,4,34,8,7,6.29488
旅行商问题,8代岛,4,34,8,8,6.29488
旅行商问题,8代岛,4,35,8,0,6.32352
旅行商问题,8代岛,4,35,8,1,6.32352
旅行商问题,8代岛,4,35,8,2,6.32352
旅行商问题,8代岛,4,35,8,3,6.32352
旅行商问题,8代岛,4,35,8,4,6.32352
旅行商问题,8代岛,4,35,8,5,6.32352
旅行商问题,8代岛,4,35,8,6,6.21821
旅行商问题,8代岛,4,35,8,7,6.21821
旅行商问题,8代岛,4,35,8,8,6.21821
旅行商问题,8代岛,4,36,8,0,6.59555
旅行商问题,8代岛,4,36,8,1,6.59555
旅行商问题,8代岛,4,36,8,2,6.59555
旅行商问题,8代岛,4,36,8,3,6.07672
旅行商问题,8代岛,4,36,8,4,6.07672
旅行商问题,8代岛,4,36,8,5,6.07672
旅行商问题,8代岛,4,36,8,6,6.07672
旅行商问题,8代岛,4,36,8,7,6.07672
旅行商问题,8代岛,4,36,8,8,6.07672
旅行商问题,8代岛,4,37,8,0,6.23281
旅行商问题,8代岛,4,37,8,1,6.23281
旅行商问题,8代岛,4,37,8,2,6.23281
旅行商问题,8代岛,4,37,8,3,6.23281
旅行商问题,8代岛,4,37,8,4,6.23281
旅行商问题,8代岛,4,37,8,5,6.23281
旅行商问题,8代岛,4,37,8,6,6.23281
旅行商问题,8代岛,4,37,8,7,6.23281
旅行商问题,8代岛,4,37,8,8,6.23281
旅行商问题,8代岛,4,38,8,0,6.95167
旅行商问题,8代岛,4,38,8,1,6.95167
旅行商问题,8代岛,4,38,8,2,6.3643
旅行商问题,8代岛,4,38,8,3,6.3643
旅行商问题,8代岛,4,38,8,4,6.3643
旅行商问题,8代岛,4,38,8,5,6.18003
旅行商问题,8代岛,4,38,8,6,6.18003
旅行商问题,8代岛,4,38,8,7,6.18003
旅行商问题,8代岛,4,38,8,8,6.18003
旅行商问题,8代岛,4,39,8,0,6.70517
旅行商问题,8代岛,4,39,8,1,6.70517
旅行商问题,8代岛,4,39,8,2,6.57829
旅行商问题,8代岛,4,39,8,3,6.19449
旅行商问题,8代岛,4,39,8,4,6.19449
旅行商问题,8代岛,4,39,8,5,6.19449
旅行商问题,8代岛,4,39,8,6,6.19449
旅行商问题,8代岛,4,39,8,7,6.19449
旅行商问题,8代岛,4,39,8,8,6.19449
旅行商问题,8代岛,4,4,8,0,6.17634
旅行商问题,8代岛,4,4,8,1,6.17634
旅行商问题,8代岛,4,4,8,2,6.17634
旅行商问题,8代岛,4,4,8,3,6.17634
旅行商问题,8代岛,4,4,8,4,6.17634
旅行商问题,8代岛,4,4,8,5,6.17634
旅行商问题,8代岛,4,4,8,6,6.17634
旅行商问题,8代岛,4,4,8,7,6.17634
旅行商问题,8代岛,4,4,8,8,6.17634
旅行商问题,8代岛,4,40,8,0,6.29567
旅行商问题,8代岛,4,40,8,1,6.29567
旅行商问题,8代岛,4,40,8,2,6.29567
旅行商问题,8代岛,4,40,8,3,6.29567
旅行商问题,8代岛,4,40,8,4,6.29567
旅行商问题,8代岛,4,40,8,5,6.29567
旅行商问题,8代岛,4,40,8,6,6.15684
旅行商问题,8代岛,4,40,8,7,6.15684
旅行商问题,8代岛,4,40,8,8,6.15684
旅行商问题,8代岛,4,5,8,0,6.30887
旅行商问题,8代岛,4,5,8,1,6.30887
旅行商问题,8代岛,4,5,8,2,6.14821
旅行商问题,8代岛,4,5,8,3,6.14821
旅行商问题,8代岛,4,5,8,4,6.14821
旅行商问题,8代岛,4,5,8,5,6.14821
旅行商问题,8代岛,4,5,8,6,6.14821
旅行商问题,8代岛,4,5,8,7,6.14821
旅行商问题,8代岛,4,5,8,8,6.14821
旅行商问题,8代岛,4,6,8,0,6.99308
旅行商问题,8代岛,4,6,8,1,6.70905
旅行商问题,8代岛,4,6,8,2,6.70905
旅行商问题,8代岛,4,6,8,3,6.19714
旅行商问题,8代岛,4,6,8,4,6.19714
旅行商问题,8代岛,4,6,8,5,6.19714
旅行商问题,8代岛,4,6,8,6,6.19714
旅行商问题,8代岛,4,6,8,7,6.19714
旅行商问题,8代岛,4,6,8,8,6.19714
旅行商问题,8代岛,4,7,8,0,6.20115
旅行商问题,8代岛,4,7,8,1,6.20115
旅行商问题,8代岛,4,7,8,2,6.20115
旅行商问题,8代岛,4,7,8,3,6.20115
旅行商问题,8代岛,4,7,8,4,6.20115
旅行商问题,8代岛,4,7,8,5,6.20115
旅行商问题,8代岛,4,7,8,6,6.20115
旅行商问题,8代岛,4,7,8,7,6.20115
旅行商问题,8代岛,4,7,8,8,6.13382
旅行商问题,8代岛,4,8,8,0,6.16069
旅行商问题,8代岛,4,8,8,1,6.16069
旅行商问题,8代岛,4,8,8,2,6.16069
旅行商问题,8代岛,4,8,8,3,6.16069
旅行商问题,8代岛,4,8,8,4,6.16069
旅行商问题,8代岛,4,8,8,5,6.16069
旅行商问题,8代岛,4,8,8,6,6.16069
旅行商问题,8代岛,4,8,8,7,6.14944
旅行商问题,8代岛,4,8,8,8,6.14944
旅行商问题,8代岛,4,9,8,0,7.8345
旅行商问题,8代岛,4,9,8,1,6.4974
旅行商问题,8代岛,4,9,8,2,6.4974
旅行商问题,8代岛,4,9,8,3,6.31369
旅行商问题,8代岛,4,9,8,4,6.31369
旅行商问题,8代岛,4,9,8,5,6.31369
旅行商问题,8代岛,4,9,8,6,6.31369
旅行商问题,8代岛,4,9,8,7,6.31369
旅行商问题,8代岛,4,9,8,8,6.31369
在线装箱问题,8代岛,5,1,8,0,0.03984
在线装箱问题,8代岛,5,1,8,1,0.03984
在线装箱问题,8代岛,5,1,8,2,0.03964
在线装箱问题,8代岛,5,1,8,3,0.03964
在线装箱问题,8代岛,5,1,8,4,0.03964
在线装箱问题,8代岛,5,1,8,5,0.02696
在线装箱问题,8代岛,5,1,8,6,0.02696
在线装箱问题,8代岛,5,1,8,7,0.02696
在线装箱问题,8代岛,5,1,8,8,0.02696
在线装箱问题,8代岛,5,11,8,0,0.03984
在线装箱问题,8代岛,5,11,8,1,0.03984
在线装箱问题,8代岛,5,11,8,2,0.03874
在线装箱问题,8代岛,5,11,8,3,0.03874
在线装箱问题,8代岛,5,11,8,4,0.03874
在线装箱问题,8代岛,5,11,8,5,0.03874
在线装箱问题,8代岛,5,11,8,6,0.03874
在线装箱问题,8代岛,5,11,8,7,0.03874
在线装箱问题,8代岛,5,11,8,8,0.03874
在线装箱问题,8代岛,5,12,8,0,0.03984
在线装箱问题,8代岛,5,12,8,1,0.03984
在线装箱问题,8代岛,5,12,8,2,0.03984
在线装箱问题,8代岛,5,12,8,3,0.03984
在线装箱问题,8代岛,5,12,8,4,0.03974
在线装箱问题,8代岛,5,12,8,5,0.03904
在线装箱问题,8代岛,5,12,8,6,0.03904
在线装箱问题,8代岛,5,12,8,7,0.03904
在线装箱问题,8代岛,5,12,8,8,0.03904
在线装箱问题,8代岛,5,13,8,0,0.03984
在线装箱问题,8代岛,5,13,8,1,0.03984
在线装箱问题,8代岛,5,13,8,2,0.03984
在线装箱问题,8代岛,5,13,8,3,0.03884
在线装箱问题,8代岛,5,13,8,4,0.03884
在线装箱问题,8代岛,5,13,8,5,0.03884
在线装箱问题,8代岛,5,13,8,6,0.03884
在线装箱问题,8代岛,5,13,8,7,0.03884
在线装箱问题,8代岛,5,13,8,8,0.03884
在线装箱问题,8代岛,5,15,8,0,0.03964
在线装箱问题,8代岛,5,15,8,1,0.03964
在线装箱问题,8代岛,5,15,8,2,0.03964
在线装箱问题,8代岛,5,15,8,3,0.02666
在线装箱问题,8代岛,5,15,8,4,0.02666
在线装箱问题,8代岛,5,15,8,5,0.01761
在线装箱问题,8代岛,5,15,8,6,0.01741
在线装箱问题,8代岛,5,15,8,7,0.01741
在线装箱问题,8代岛,5,15,8,8,0.01741
在线装箱问题,8代岛,5,16,8,0,0.03984
在线装箱问题,8代岛,5,16,8,1,0.03984
在线装箱问题,8代岛,5,16,8,2,0.03984
在线装箱问题,8代岛,5,16,8,3,0.03984
在线装箱问题,8代岛,5,16,8,4,0.03984
在线装箱问题,8代岛,5,16,8,5,0.03823
在线装箱问题,8代岛,5,16,8,6,0.03823
在线装箱问题,8代岛,5,16,8,7,0.03823
在线装箱问题,8代岛,5,16,8,8,0.03823
在线装箱问题,8代岛,5,17,8,0,0.04538
在线装箱问题,8代岛,5,17,8,1,0.03954
在线装箱问题,8代岛,5,17,8,2,0.03954
在线装箱问题,8代岛,5,17,8,3,0.03954
在线装箱问题,8代岛,5,17,8,4,0.03954
在线装箱问题,8代岛,5,17,8,5,0.0323
在线装箱问题,8代岛,5,17,8,6,0.02314
在线装箱问题,8代岛,5,17,8,7,0.02314
在线装箱问题,8代岛,5,17,8,8,0.02314
在线装箱问题,8代岛,5,18,8,0,1.51534
在线装箱问题,8代岛,5,18,8,1,0.03984
在线装箱问题,8代岛,5,18,8,2,0.03984
在线装箱问题,8代岛,5,18,8,3,0.03984
在线装箱问题,8代岛,5,18,8,4,0.03984
在线装箱问题,8代岛,5,18,8,5,0.03984
在线装箱问题,8代岛,5,18,8,6,0.03984
在线装箱问题,8代岛,5,18,8,7,0.03954
在线装箱问题,8代岛,5,18,8,8,0.03954
在线装箱问题,8代岛,5,19,8,0,0.05071
在线装箱问题,8代岛,5,19,8,1,0.03984
在线装箱问题,8代岛,5,19,8,2,0.03984
在线装箱问题,8代岛,5,19,8,3,0.03984
在线装箱问题,8代岛,5,19,8,4,0.03984
在线装箱问题,8代岛,5,19,8,5,0.03984
在线装箱问题,8代岛,5,19,8,6,0.03984
在线装箱问题,8代岛,5,19,8,7,0.03984
在线装箱问题,8代岛,5,19,8,8,0.03984
在线装箱问题,8代岛,5,2,8,0,0.04417
在线装箱问题,8代岛,5,2,8,1,0.04417
在线装箱问题,8代岛,5,2,8,2,0.04216
在线装箱问题,8代岛,5,2,8,3,0.04216
在线装箱问题,8代岛,5,2,8,4,0.03984
在线装箱问题,8代岛,5,2,8,5,0.03984
在线装箱问题,8代岛,5,2,8,6,0.03984
在线装箱问题,8代岛,5,2,8,7,0.03984
在线装箱问题,8代岛,5,2,8,8,0.03984
在线装箱问题,8代岛,5,20,8,0,0.03984
在线装箱问题,8代岛,5,20,8,1,0.03984
在线装箱问题,8代岛,5,20,8,2,0.03984
在线装箱问题,8代岛,5,20,8,3,0.03874
在线装箱问题,8代岛,5,20,8,4,0.03874
在线装箱问题,8代岛,5,20,8,5,0.03833
在线装箱问题,8代岛,5,20,8,6,0.03833
在线装箱问题,8代岛,5,20,8,7,0.03089
在线装箱问题,8代岛,5,20,8,8,0.03089
在线装箱问题,8代岛,5,21,8,0,0.03984
在线装箱问题,8代岛,5,21,8,1,0.03984
在线装箱问题,8代岛,5,21,8,2,0.03984
在线装箱问题,8代岛,5,21,8,3,0.03984
在线装箱问题,8代岛,5,21,8,4,0.03984
在线装箱问题,8代岛,5,21,8,5,0.03984
在线装箱问题,8代岛,5,21,8,6,0.03984
在线装箱问题,8代岛,5,21,8,7,0.03823
在线装箱问题,8代岛,5,21,8,8,0.03823
在线装箱问题,8代岛,5,22,8,0,0.01157
在线装箱问题,8代岛,5,22,8,1,0.01157
在线装箱问题,8代岛,5,22,8,2,0.01157
在线装箱问题,8代岛,5,22,8,3,0.01157
在线装箱问题,8代岛,5,22,8,4,0.01157
在线装箱问题,8代岛,5,22,8,5,0.01056
在线装箱问题,8代岛,5,22,8,6,0.01056
在线装箱问题,8代岛,5,22,8,7,0.01056
在线装箱问题,8代岛,5,22,8,8,0.00775
在线装箱问题,8代岛,5,23,8,0,0.03984
在线装箱问题,8代岛,5,23,8,1,0.03984
在线装箱问题,8代岛,5,23,8,2,0.03934
在线装箱问题,8代岛,5,23,8,3,0.03934
在线装箱问题,8代岛,5,23,8,4,0.03934
在线装箱问题,8代岛,5,23,8,5,0.03934
在线装箱问题,8代岛,5,23,8,6,0.03934
在线装箱问题,8代岛,5,23,8,7,0.03833
在线装箱问题,8代岛,5,23,8,8,0.03833
在线装箱问题,8代岛,5,25,8,0,0.03984
在线装箱问题,8代岛,5,25,8,1,0.03984
在线装箱问题,8代岛,5,25,8,2,0.03984
在线装箱问题,8代岛,5,25,8,3,0.03984
在线装箱问题,8代岛,5,25,8,4,0.03984
在线装箱问题,8代岛,5,25,8,5,0.03823
在线装箱问题,8代岛,5,25,8,6,0.03823
在线装箱问题,8代岛,5,25,8,7,0.03823
在线装箱问题,8代岛,5,25,8,8,0.03823
在线装箱问题,8代岛,5,26,8,0,0.03984
在线装箱问题,8代岛,5,26,8,1,0.03984
在线装箱问题,8代岛,5,26,8,2,0.03984
在线装箱问题,8代岛,5,26,8,3,0.03984
在线装箱问题,8代岛,5,26,8,4,0.03843
在线装箱问题,8代岛,5,26,8,5,0.03703
在线装箱问题,8代岛,5,26,8,6,0.02495
在线装箱问题,8代岛,5,26,8,7,0.02495
在线装箱问题,8代岛,5,26,8,8,0.02495
在线装箱问题,8代岛,5,27,8,0,0.04336
在线装箱问题,8代岛,5,27,8,1,0.03984
在线装箱问题,8代岛,5,27,8,2,0.03984
在线装箱问题,8代岛,5,27,8,3,0.03763
在线装箱问题,8代岛,5,27,8,4,0.03421
在线装箱问题,8代岛,5,27,8,5,0.03421
在线装箱问题,8代岛,5,27,8,6,0.03421
在线装箱问题,8代岛,5,27,8,7,0.03421
在线装箱问题,8代岛,5,27,8,8,0.03421
在线装箱问题,8代岛,5,28,8,0,0.03984
在线装箱问题,8代岛,5,28,8,1,0.03984
在线装箱问题,8代岛,5,28,8,2,0.03984
在线装箱问题,8代岛,5,28,8,3,0.03984
在线装箱问题,8代岛,5,28,8,4,0.03864
在线装箱问题,8代岛,5,28,8,5,0.03733
在线装箱问题,8代岛,5,28,8,6,0.0336
在线装箱问题,8代岛,5,28,8,7,0.0336
在线装箱问题,8代岛,5,28,8,8,0.0336
在线装箱问题,8代岛,5,29,8,0,0.03984
在线装箱问题,8代岛,5,29,8,1,0.03984
在线装箱问题,8代岛,5,29,8,2,0.03984
在线装箱问题,8代岛,5,29,8,3,0.03984
在线装箱问题,8代岛,5,29,8,4,0.03884
在线装箱问题,8代岛,5,29,8,5,0.03884
在线装箱问题,8代岛,5,29,8,6,0.03884
在线装箱问题,8代岛,5,29,8,7,0.03884
在线装箱问题,8代岛,5,29,8,8,0.03884
在线装箱问题,8代岛,5,3,8,0,0.03984
在线装箱问题,8代岛,5,3,8,1,0.03984
在线装箱问题,8代岛,5,3,8,2,0.03864
在线装箱问题,8代岛,5,3,8,3,0.03864
在线装箱问题,8代岛,5,3,8,4,0.01177
在线装箱问题,8代岛,5,3,8,5,0.01177
在线装箱问题,8代岛,5,3,8,6,0.01177
在线装箱问题,8代岛,5,3,8,7,0.01177
在线装箱问题,8代岛,5,3,8,8,0.01177
在线装箱问题,8代岛,5,30,8,0,0.03984
在线装箱问题,8代岛,5,30,8,1,0.03984
在线装箱问题,8代岛,5,30,8,2,0.03984
在线装箱问题,8代岛,5,30,8,3,0.03984
在线装箱问题,8代岛,5,30,8,4,0.03984
在线装箱问题,8代岛,5,30,8,5,0.03984
在线装箱问题,8代岛,5,30,8,6,0.03984
在线装箱问题,8代岛,5,30,8,7,0.03984
在线装箱问题,8代岛,5,30,8,8,0.03984
在线装箱问题,8代岛,5,31,8,0,0.03984
在线装箱问题,8代岛,5,31,8,1,0.03984
在线装箱问题,8代岛,5,31,8,2,0.03984
在线装箱问题,8代岛,5,31,8,3,0.03823
在线装箱问题,8代岛,5,31,8,4,0.03823
在线装箱问题,8代岛,5,31,8,5,0.03823
在线装箱问题,8代岛,5,31,8,6,0.03823
在线装箱问题,8代岛,5,31,8,7,0.03823
在线装箱问题,8代岛,5,31,8,8,0.03823
在线装箱问题,8代岛,5,32,8,0,1.51534
在线装箱问题,8代岛,5,32,8,1,0.12245
在线装箱问题,8代岛,5,32,8,2,0.03693
在线装箱问题,8代岛,5,32,8,3,0.03693
在线装箱问题,8代岛,5,32,8,4,0.03693
在线装箱问题,8代岛,5,32,8,5,0.03693
在线装箱问题,8代岛,5,32,8,6,0.03693
在线装箱问题,8代岛,5,32,8,7,0.03693
在线装箱问题,8代岛,5,32,8,8,0.03642
在线装箱问题,8代岛,5,34,8,0,0.03984
在线装箱问题,8代岛,5,34,8,1,0.03984
在线装箱问题,8代岛,5,34,8,2,0.03984
在线装箱问题,8代岛,5,34,8,3,0.03803
在线装箱问题,8代岛,5,34,8,4,0.03803
在线装箱问题,8代岛,5,34,8,5,0.03803
在线装箱问题,8代岛,5,34,8,6,0.03803
在线装箱问题,8代岛,5,34,8,7,0.03803
在线装箱问题,8代岛,5,34,8,8,0.03803
在线装箱问题,8代岛,5,36,8,0,0.03984
在线装箱问题,8代岛,5,36,8,1,0.03984
在线装箱问题,8代岛,5,36,8,2,0.03984
在线装箱问题,8代岛,5,36,8,3,0.03984
在线装箱问题,8代岛,5,36,8,4,0.03984
在线装箱问题,8代岛,5,36,8,5,0.03984
在线装箱问题,8代岛,5,36,8,6,0.03984
在线装箱问题,8代岛,5,36,8,7,0.03864
在线装箱问题,8代岛,5,36,8,8,0.03864
在线装箱问题,8代岛,5,37,8,0,1.51534
在线装箱问题,8代岛,5,37,8,1,0.03984
在线装箱问题,8代岛,5,37,8,2,0.0321
在线装箱问题,8代岛,5,37,8,3,0.0321
在线装箱问题,8代岛,5,37,8,4,0.0321
在线装箱问题,8代岛,5,37,8,5,0.0321
在线装箱问题,8代岛,5,37,8,6,0.0321
在线装箱问题,8代岛,5,37,8,7,0.0321
在线装箱问题,8代岛,5,37,8,8,0.0321
在线装箱问题,8代岛,5,38,8,0,0.03984
在线装箱问题,8代岛,5,38,8,1,0.03984
在线装箱问题,8代岛,5,38,8,2,0.03984
在线装箱问题,8代岛,5,38,8,3,0.03974
在线装箱问题,8代岛,5,38,8,4,0.03974
在线装箱问题,8代岛,5,38,8,5,0.03974
在线装箱问题,8代岛,5,38,8,6,0.03843
在线装箱问题,8代岛,5,38,8,7,0.03843
在线装箱问题,8代岛,5,38,8,8,0.02878
在线装箱问题,8代岛,5,39,8,0,0.19871
在线装箱问题,8代岛,5,39,8,1,0.03984
在线装箱问题,8代岛,5,39,8,2,0.03984
在线装箱问题,8代岛,5,39,8,3,0.03984
在线装箱问题,8代岛,5,39,8,4,0.03984
在线装箱问题,8代岛,5,39,8,5,0.03984
在线装箱问题,8代岛,5,39,8,6,0.03984
在线装箱问题,8代岛,5,39,8,7,0.03984
在线装箱问题,8代岛,5,39,8,8,0.03984
在线装箱问题,8代岛,5,4,8,0,0.03884
在线装箱问题,8代岛,5,4,8,1,0.03884
在线装箱问题,8代岛,5,4,8,2,0.03884
在线装箱问题,8代岛,5,4,8,3,0.03884
在线装箱问题,8代岛,5,4,8,4,0.03854
在线装箱问题,8代岛,5,4,8,5,0.03854
在线装箱问题,8代岛,5,4,8,6,0.03854
在线装箱问题,8代岛,5,4,8,7,0.03854
在线装箱问题,8代岛,5,4,8,8,0.03501
在线装箱问题,8代岛,5,40,8,0,0.03984
在线装箱问题,8代岛,5,40,8,1,0.03984
在线装箱问题,8代岛,5,40,8,2,0.03974
在线装箱问题,8代岛,5,40,8,3,0.03854
在线装箱问题,8代岛,5,40,8,4,0.03854
在线装箱问题,8代岛,5,40,8,5,0.03854
在线装箱问题,8代岛,5,40,8,6,0.03854
在线装箱问题,8代岛,5,40,8,7,0.03854
在线装箱问题,8代岛,5,40,8,8,0.03854
在线装箱问题,8代岛,5,42,8,0,0.03984
在线装箱问题,8代岛,5,42,8,1,0.03984
在线装箱问题,8代岛,5,42,8,2,0.03984
在线装箱问题,8代岛,5,42,8,3,0.03984
在线装箱问题,8代岛,5,42,8,4,0.03823
在线装箱问题,8代岛,5,42,8,5,0.03823
在线装箱问题,8代岛,5,42,8,6,0.03823
在线装箱问题,8代岛,5,42,8,7,0.03783
在线装箱问题,8代岛,5,42,8,8,0.03783
在线装箱问题,8代岛,5,5,8,0,0.03984
在线装箱问题,8代岛,5,5,8,1,0.03964
在线装箱问题,8代岛,5,5,8,2,0.03964
在线装箱问题,8代岛,5,5,8,3,0.03964
在线装箱问题,8代岛,5,5,8,4,0.03964
在线装箱问题,8代岛,5,5,8,5,0.01741
在线装箱问题,8代岛,5,5,8,6,0.01741
在线装箱问题,8代岛,5,5,8,7,0.01741
在线装箱问题,8代岛,5,5,8,8,0.01741
在线装箱问题,8代岛,5,6,8,0,0.02787
在线装箱问题,8代岛,5,6,8,1,0.02787
在线装箱问题,8代岛,5,6,8,2,0.01942
在线装箱问题,8代岛,5,6,8,3,0.01942
在线装箱问题,8代岛,5,6,8,4,0.01942
在线装箱问题,8代岛,5,6,8,5,0.01942
在线装箱问题,8代岛,5,6,8,6,0.01942
在线装箱问题,8代岛,5,6,8,7,0.01942
在线装箱问题,8代岛,5,6,8,8,0.01821
在线装箱问题,8代岛,5,7,8,0,0.03984
在线装箱问题,8代岛,5,7,8,1,0.03984
在线装箱问题,8代岛,5,7,8,2,0.03984
在线装箱问题,8代岛,5,7,8,3,0.03984
在线装箱问题,8代岛,5,7,8,4,0.03984
在线装箱问题,8代岛,5,7,8,5,0.03411
在线装箱问题,8代岛,5,7,8,6,0.03411
在线装箱问题,8代岛,5,7,8,7,0.03411
在线装箱问题,8代岛,5,7,8,8,0.03411
在线装箱问题,8代岛,5,8,8,0,0.03984
在线装箱问题,8代岛,5,8,8,1,0.03984
在线装箱问题,8代岛,5,8,8,2,0.03984
在线装箱问题,8代岛,5,8,8,3,0.03984
在线装箱问题,8代岛,5,8,8,4,0.03984
在线装箱问题,8代岛,5,8,8,5,0.03984
在线装箱问题,8代岛,5,8,8,6,0.03984
在线装箱问题,8代岛,5,8,8,7,0.03984
在线装箱问题,8代岛,5,8,8,8,0.03984
在线装箱问题,8代岛,5,9,8,0,0.03984
在线装箱问题,8代岛,5,9,8,1,0.03984
在线装箱问题,8代岛,5,9,8,2,0.03984
在线装箱问题,8代岛,5,9,8,3,0.03984
在线装箱问题,8代岛,5,9,8,4,0.03894
在线装箱问题,8代岛,5,9,8,5,0.03894
在线装箱问题,8代岛,5,9,8,6,0.03894
在线装箱问题,8代岛,5,9,8,7,0.03894
在线装箱问题,8代岛,5,9,8,8,0.03894
容量约束车辆路径问题,8代岛,5,1,8,0,13.28321
容量约束车辆路径问题,8代岛,5,1,8,1,12.96715
容量约束车辆路径问题,8代岛,5,1,8,2,12.96715
容量约束车辆路径问题,8代岛,5,1,8,3,12.96715
容量约束车辆路径问题,8代岛,5,1,8,4,12.96715
容量约束车辆路径问题,8代岛,5,1,8,5,12.96715
容量约束车辆路径问题,8代岛,5,1,8,6,12.96715
容量约束车辆路径问题,8代岛,5,1,8,7,12.96715
容量约束车辆路径问题,8代岛,5,1,8,8,12.96715
容量约束车辆路径问题,8代岛,5,10,8,0,12.86269
容量约束车辆路径问题,8代岛,5,10,8,1,12.86269
容量约束车辆路径问题,8代岛,5,10,8,2,12.86269
容量约束车辆路径问题,8代岛,5,10,8,3,12.86269
容量约束车辆路径问题,8代岛,5,10,8,4,12.85885
容量约束车辆路径问题,8代岛,5,10,8,5,12.85885
容量约束车辆路径问题,8代岛,5,10,8,6,12.85885
容量约束车辆路径问题,8代岛,5,10,8,7,12.42319
容量约束车辆路径问题,8代岛,5,10,8,8,12.42319
容量约束车辆路径问题,8代岛,5,11,8,0,12.98018
容量约束车辆路径问题,8代岛,5,11,8,1,12.89488
容量约束车辆路径问题,8代岛,5,11,8,2,12.82212
容量约束车辆路径问题,8代岛,5,11,8,3,12.73616
容量约束车辆路径问题,8代岛,5,11,8,4,12.72308
容量约束车辆路径问题,8代岛,5,11,8,5,12.69255
容量约束车辆路径问题,8代岛,5,11,8,6,12.55164
容量约束车辆路径问题,8代岛,5,11,8,7,12.55164
容量约束车辆路径问题,8代岛,5,11,8,8,12.55164
容量约束车辆路径问题,8代岛,5,12,8,0,12.86269
容量约束车辆路径问题,8代岛,5,12,8,1,12.86269
容量约束车辆路径问题,8代岛,5,12,8,2,12.86269
容量约束车辆路径问题,8代岛,5,12,8,3,12.86269
容量约束车辆路径问题,8代岛,5,12,8,4,12.86269
容量约束车辆路径问题,8代岛,5,12,8,5,12.86269
容量约束车辆路径问题,8代岛,5,12,8,6,12.86269
容量约束车辆路径问题,8代岛,5,12,8,7,12.86269
容量约束车辆路径问题,8代岛,5,12,8,8,12.86269
容量约束车辆路径问题,8代岛,5,13,8,0,12.86269
容量约束车辆路径问题,8代岛,5,13,8,1,12.64832
容量约束车辆路径问题,8代岛,5,13,8,2,12.64832
容量约束车辆路径问题,8代岛,5,13,8,3,12.64832
容量约束车辆路径问题,8代岛,5,13,8,4,12.64832
容量约束车辆路径问题,8代岛,5,13,8,5,12.64832
容量约束车辆路径问题,8代岛,5,13,8,6,12.64832
容量约束车辆路径问题,8代岛,5,13,8,7,12.64832
容量约束车辆路径问题,8代岛,5,13,8,8,12.43578
容量约束车辆路径问题,8代岛,5,14,8,0,12.80022
容量约束车辆路径问题,8代岛,5,14,8,1,12.80022
容量约束车辆路径问题,8代岛,5,14,8,2,12.80022
容量约束车辆路径问题,8代岛,5,14,8,3,12.53764
容量约束车辆路径问题,8代岛,5,14,8,4,12.53764
容量约束车辆路径问题,8代岛,5,14,8,5,12.53764
容量约束车辆路径问题,8代岛,5,14,8,6,12.53764
容量约束车辆路径问题,8代岛,5,14,8,7,12.53764
容量约束车辆路径问题,8代岛,5,14,8,8,12.53764
容量约束车辆路径问题,8代岛,5,15,8,0,12.74111
容量约束车辆路径问题,8代岛,5,15,8,1,12.74111
容量约束车辆路径问题,8代岛,5,15,8,2,12.74111
容量约束车辆路径问题,8代岛,5,15,8,3,12.74111
容量约束车辆路径问题,8代岛,5,15,8,4,12.73653
容量约束车辆路径问题,8代岛,5,15,8,5,12.73653
容量约束车辆路径问题,8代岛,5,15,8,6,12.73653
容量约束车辆路径问题,8代岛,5,15,8,7,12.73653
容量约束车辆路径问题,8代岛,5,15,8,8,12.73653
容量约束车辆路径问题,8代岛,5,16,8,0,13.61078
容量约束车辆路径问题,8代岛,5,16,8,1,13.34509
容量约束车辆路径问题,8代岛,5,16,8,2,13.34509
容量约束车辆路径问题,8代岛,5,16,8,3,13.23646
容量约束车辆路径问题,8代岛,5,16,8,4,13.23646
容量约束车辆路径问题,8代岛,5,16,8,5,13.23646
容量约束车辆路径问题,8代岛,5,16,8,6,13.23646
容量约束车辆路径问题,8代岛,5,16,8,7,13.18345
容量约束车辆路径问题,8代岛,5,16,8,8,13.18345
容量约束车辆路径问题,8代岛,5,17,8,0,13.28321
容量约束车辆路径问题,8代岛,5,17,8,1,13.28321
容量约束车辆路径问题,8代岛,5,17,8,2,13.19456
容量约束车辆路径问题,8代岛,5,17,8,3,13.19456
容量约束车辆路径问题,8代岛,5,17,8,4,13.19456
容量约束车辆路径问题,8代岛,5,17,8,5,13.03297
容量约束车辆路径问题,8代岛,5,17,8,6,13.03297
容量约束车辆路径问题,8代岛,5,17,8,7,13.03297
容量约束车辆路径问题,8代岛,5,17,8,8,13.03297
容量约束车辆路径问题,8代岛,5,18,8,0,12.95274
容量约束车辆路径问题,8代岛,5,18,8,1,12.95274
容量约束车辆路径问题,8代岛,5,18,8,2,12.86269
容量约束车辆路径问题,8代岛,5,18,8,3,12.85885
容量约束车辆路径问题,8代岛,5,18,8,4,12.85885
容量约束车辆路径问题,8代岛,5,18,8,5,12.71546
容量约束车辆路径问题,8代岛,5,18,8,6,12.70257
容量约束车辆路径问题,8代岛,5,18,8,7,12.70257
容量约束车辆路径问题,8代岛,5,18,8,8,12.70257
容量约束车辆路径问题,8代岛,5,19,8,0,12.86269
容量约束车辆路径问题,8代岛,5,19,8,1,12.86269
容量约束车辆路径问题,8代岛,5,19,8,2,12.86269
容量约束车辆路径问题,8代岛,5,19,8,3,12.86269
容量约束车辆路径问题,8代岛,5,19,8,4,12.86269
容量约束车辆路径问题,8代岛,5,19,8,5,12.86269
容量约束车辆路径问题,8代岛,5,19,8,6,12.86269
容量约束车辆路径问题,8代岛,5,19,8,7,12.86269
容量约束车辆路径问题,8代岛,5,19,8,8,12.86269
容量约束车辆路径问题,8代岛,5,2,8,0,13.28321
容量约束车辆路径问题,8代岛,5,2,8,1,13.03297
容量约束车辆路径问题,8代岛,5,2,8,2,13.03297
容量约束车辆路径问题,8代岛,5,2,8,3,13.03297
容量约束车辆路径问题,8代岛,5,2,8,4,13.03297
容量约束车辆路径问题,8代岛,5,2,8,5,13.03297
容量约束车辆路径问题,8代岛,5,2,8,6,13.03297
容量约束车辆路径问题,8代岛,5,2,8,7,12.98539
容量约束车辆路径问题,8代岛,5,2,8,8,12.98336
容量约束车辆路径问题,8代岛,5,20,8,0,13.25126
容量约束车辆路径问题,8代岛,5,20,8,1,13.06904
容量约束车辆路径问题,8代岛,5,20,8,2,13.06904
容量约束车辆路径问题,8代岛,5,20,8,3,13.06904
容量约束车辆路径问题,8代岛,5,20,8,4,13.06904
容量约束车辆路径问题,8代岛,5,20,8,5,13.06904
容量约束车辆路径问题,8代岛,5,20,8,6,13.06904
容量约束车辆路径问题,8代岛,5,20,8,7,13.06904
容量约束车辆路径问题,8代岛,5,20,8,8,13.06904
容量约束车辆路径问题,8代岛,5,21,8,0,13.28321
容量约束车辆路径问题,8代岛,5,21,8,1,13.28321
容量约束车辆路径问题,8代岛,5,21,8,2,12.98684
容量约束车辆路径问题,8代岛,5,21,8,3,12.98684
容量约束车辆路径问题,8代岛,5,21,8,4,12.98684
容量约束车辆路径问题,8代岛,5,21,8,5,12.98684
容量约束车辆路径问题,8代岛,5,21,8,6,12.93579
容量约束车辆路径问题,8代岛,5,21,8,7,12.93579
容量约束车辆路径问题,8代岛,5,21,8,8,12.93579
容量约束车辆路径问题,8代岛,5,22,8,0,12.86269
容量约束车辆路径问题,8代岛,5,22,8,1,12.63008
容量约束车辆路径问题,8代岛,5,22,8,2,12.63008
容量约束车辆路径问题,8代岛,5,22,8,3,12.63008
容量约束车辆路径问题,8代岛,5,22,8,4,12.63008
容量约束车辆路径问题,8代岛,5,22,8,5,12.63008
容量约束车辆路径问题,8代岛,5,22,8,6,12.63008
容量约束车辆路径问题,8代岛,5,22,8,7,12.63008
容量约束车辆路径问题,8代岛,5,22,8,8,12.63008
容量约束车辆路径问题,8代岛,5,23,8,0,13.02838
容量约束车辆路径问题,8代岛,5,23,8,1,13.02838
容量约束车辆路径问题,8代岛,5,23,8,2,12.94383
容量约束车辆路径问题,8代岛,5,23,8,3,12.94383
容量约束车辆路径问题,8代岛,5,23,8,4,12.94383
容量约束车辆路径问题,8代岛,5,23,8,5,12.82605
容量约束车辆路径问题,8代岛,5,23,8,6,12.60128
容量约束车辆路径问题,8代岛,5,23,8,7,12.60128
容量约束车辆路径问题,8代岛,5,23,8,8,12.60128
容量约束车辆路径问题,8代岛,5,24,8,0,13.03297
容量约束车辆路径问题,8代岛,5,24,8,1,13.03297
容量约束车辆路径问题,8代岛,5,24,8,2,13.03297
容量约束车辆路径问题,8代岛,5,24,8,3,13.03297
容量约束车辆路径问题,8代岛,5,24,8,4,13.03297
容量约束车辆路径问题,8代岛,5,24,8,5,13.02723
容量约束车辆路径问题,8代岛,5,24,8,6,13.02723
容量约束车辆路径问题,8代岛,5,24,8,7,13.02723
容量约束车辆路径问题,8代岛,5,24,8,8,13.02723
容量约束车辆路径问题,8代岛,5,25,8,0,13.01279
容量约束车辆路径问题,8代岛,5,25,8,1,13.01279
容量约束车辆路径问题,8代岛,5,25,8,2,13.01279
容量约束车辆路径问题,8代岛,5,25,8,3,12.87931
容量约束车辆路径问题,8代岛,5,25,8,4,12.87931
容量约束车辆路径问题,8代岛,5,25,8,5,12.87931
容量约束车辆路径问题,8代岛,5,25,8,6,12.87931
容量约束车辆路径问题,8代岛,5,25,8,7,12.86065
容量约束车辆路径问题,8代岛,5,25,8,8,12.86065
容量约束车辆路径问题,8代岛,5,26,8,0,13.61078
容量约束车辆路径问题,8代岛,5,26,8,1,13.61078
容量约束车辆路径问题,8代岛,5,26,8,2,13.61078
容量约束车辆路径问题,8代岛,5,26,8,3,13.61078
容量约束车辆路径问题,8代岛,5,26,8,4,13.61078
容量约束车辆路径问题,8代岛,5,26,8,5,13.61078
容量约束车辆路径问题,8代岛,5,26,8,6,13.61078
容量约束车辆路径问题,8代岛,5,26,8,7,13.23646
容量约束车辆路径问题,8代岛,5,26,8,8,13.23646
容量约束车辆路径问题,8代岛,5,27,8,0,13.28321
容量约束车辆路径问题,8代岛,5,27,8,1,13.28321
容量约束车辆路径问题,8代岛,5,27,8,2,12.98966
容量约束车辆路径问题,8代岛,5,27,8,3,12.98966
容量约束车辆路径问题,8代岛,5,27,8,4,12.98966
容量约束车辆路径问题,8代岛,5,27,8,5,12.98966
容量约束车辆路径问题,8代岛,5,27,8,6,12.86549
容量约束车辆路径问题,8代岛,5,27,8,7,12.86549
容量约束车辆路径问题,8代岛,5,27,8,8,12.86549
容量约束车辆路径问题,8代岛,5,28,8,0,12.8625
容量约束车辆路径问题,8代岛,5,28,8,1,12.85885
容量约束车辆路径问题,8代岛,5,28,8,2,12.52487
容量约束车辆路径问题,8代岛,5,28,8,3,12.52487
容量约束车辆路径问题,8代岛,5,28,8,4,12.52487
容量约束车辆路径问题,8代岛,5,28,8,5,12.52487
容量约束车辆路径问题,8代岛,5,28,8,6,12.52487
容量约束车辆路径问题,8代岛,5,28,8,7,12.52487
容量约束车辆路径问题,8代岛,5,28,8,8,12.52487
容量约束车辆路径问题,8代岛,5,29,8,0,13.2179
容量约束车辆路径问题,8代岛,5,29,8,1,12.85885
容量约束车辆路径问题,8代岛,5,29,8,2,12.82792
容量约束车辆路径问题,8代岛,5,29,8,3,12.82792
容量约束车辆路径问题,8代岛,5,29,8,4,12.82792
容量约束车辆路径问题,8代岛,5,29,8,5,12.74233
容量约束车辆路径问题,8代岛,5,29,8,6,12.74233
容量约束车辆路径问题,8代岛,5,29,8,7,12.74233
容量约束车辆路径问题,8代岛,5,29,8,8,12.74233
容量约束车辆路径问题,8代岛,5,3,8,0,12.97506
容量约束车辆路径问题,8代岛,5,3,8,1,12.91528
容量约束车辆路径问题,8代岛,5,3,8,2,12.91528
容量约束车辆路径问题,8代岛,5,3,8,3,12.8432
容量约束车辆路径问题,8代岛,5,3,8,4,12.8432
容量约束车辆路径问题,8代岛,5,3,8,5,12.68995
容量约束车辆路径问题,8代岛,5,3,8,6,12.68995
容量约束车辆路径问题,8代岛,5,3,8,7,12.68995
容量约束车辆路径问题,8代岛,5,3,8,8,12.68995
容量约束车辆路径问题,8代岛,5,30,8,0,13.28314
容量约束车辆路径问题,8代岛,5,30,8,1,13.03297
容量约束车辆路径问题,8代岛,5,30,8,2,13.03297
容量约束车辆路径问题,8代岛,5,30,8,3,13.03297
容量约束车辆路径问题,8代岛,5,30,8,4,13.0314
容量约束车辆路径问题,8代岛,5,30,8,5,13.0314
容量约束车辆路径问题,8代岛,5,30,8,6,13.0314
容量约束车辆路径问题,8代岛,5,30,8,7,13.0314
容量约束车辆路径问题,8代岛,5,30,8,8,13.0314
容量约束车辆路径问题,8代岛,5,31,8,0,13.56371
容量约束车辆路径问题,8代岛,5,31,8,1,13.56371
容量约束车辆路径问题,8代岛,5,31,8,2,13.56371
容量约束车辆路径问题,8代岛,5,31,8,3,13.56371
容量约束车辆路径问题,8代岛,5,31,8,4,13.56371
容量约束车辆路径问题,8代岛,5,31,8,5,13.56371
容量约束车辆路径问题,8代岛,5,31,8,6,13.56371
容量约束车辆路径问题,8代岛,5,31,8,7,13.38875
容量约束车辆路径问题,8代岛,5,31,8,8,13.36872
容量约束车辆路径问题,8代岛,5,32,8,0,13.28321
容量约束车辆路径问题,8代岛,5,32,8,1,13.28321
容量约束车辆路径问题,8代岛,5,32,8,2,13.28321
容量约束车辆路径问题,8代岛,5,32,8,3,13.28321
容量约束车辆路径问题,8代岛,5,32,8,4,13.22512
容量约束车辆路径问题,8代岛,5,32,8,5,13.22512
容量约束车辆路径问题,8代岛,5,32,8,6,13.04217
容量约束车辆路径问题,8代岛,5,32,8,7,13.04217
容量约束车辆路径问题,8代岛,5,32,8,8,13.04217
容量约束车辆路径问题,8代岛,5,33,8,0,13.61078
容量约束车辆路径问题,8代岛,5,33,8,1,13.61078
容量约束车辆路径问题,8代岛,5,33,8,2,13.61078
容量约束车辆路径问题,8代岛,5,33,8,3,13.23646
容量约束车辆路径问题,8代岛,5,33,8,4,12.91951
容量约束车辆路径问题,8代岛,5,33,8,5,12.91951
容量约束车辆路径问题,8代岛,5,33,8,6,12.91951
容量约束车辆路径问题,8代岛,5,33,8,7,12.91951
容量约束车辆路径问题,8代岛,5,33,8,8,12.91951
容量约束车辆路径问题,8代岛,5,34,8,0,13.23646
容量约束车辆路径问题,8代岛,5,34,8,1,13.23646
容量约束车辆路径问题,8代岛,5,34,8,2,13.23646
容量约束车辆路径问题,8代岛,5,34,8,3,13.23646
容量约束车辆路径问题,8代岛,5,34,8,4,13.23646
容量约束车辆路径问题,8代岛,5,34,8,5,13.23646
容量约束车辆路径问题,8代岛,5,34,8,6,13.23646
容量约束车辆路径问题,8代岛,5,34,8,7,13.14576
容量约束车辆路径问题,8代岛,5,34,8,8,13.14576
容量约束车辆路径问题,8代岛,5,35,8,0,13.28321
容量约束车辆路径问题,8代岛,5,35,8,1,12.92808
容量约束车辆路径问题,8代岛,5,35,8,2,12.92808
容量约束车辆路径问题,8代岛,5,35,8,3,12.92808
容量约束车辆路径问题,8代岛,5,35,8,4,12.87795
容量约束车辆路径问题,8代岛,5,35,8,5,12.87795
容量约束车辆路径问题,8代岛,5,35,8,6,12.87795
容量约束车辆路径问题,8代岛,5,35,8,7,12.87795
容量约束车辆路径问题,8代岛,5,35,8,8,12.87795
容量约束车辆路径问题,8代岛,5,36,8,0,13.28321
容量约束车辆路径问题,8代岛,5,36,8,1,13.03297
容量约束车辆路径问题,8代岛,5,36,8,2,13.03297
容量约束车辆路径问题,8代岛,5,36,8,3,13.03297
容量约束车辆路径问题,8代岛,5,36,8,4,13.03297
容量约束车辆路径问题,8代岛,5,36,8,5,13.03297
容量约束车辆路径问题,8代岛,5,36,8,6,12.92808
容量约束车辆路径问题,8代岛,5,36,8,7,12.92808
容量约束车辆路径问题,8代岛,5,36,8,8,12.90758
容量约束车辆路径问题,8代岛,5,4,8,0,13.61078
容量约束车辆路径问题,8代岛,5,4,8,1,13.61078
容量约束车辆路径问题,8代岛,5,4,8,2,13.61078
容量约束车辆路径问题,8代岛,5,4,8,3,13.61078
容量约束车辆路径问题,8代岛,5,4,8,4,13.61078
容量约束车辆路径问题,8代岛,5,4,8,5,13.61078
容量约束车辆路径问题,8代岛,5,4,8,6,13.61078
容量约束车辆路径问题,8代岛,5,4,8,7,13.56397
容量约束车辆路径问题,8代岛,5,4,8,8,13.56397
容量约束车辆路径问题,8代岛,5,5,8,0,13.28321
容量约束车辆路径问题,8代岛,5,5,8,1,13.28321
容量约束车辆路径问题,8代岛,5,5,8,2,13.28321
容量约束车辆路径问题,8代岛,5,5,8,3,13.28321
容量约束车辆路径问题,8代岛,5,5,8,4,13.28321
容量约束车辆路径问题,8代岛,5,5,8,5,13.28321
容量约束车辆路径问题,8代岛,5,5,8,6,13.02561
容量约束车辆路径问题,8代岛,5,5,8,7,13.02561
容量约束车辆路径问题,8代岛,5,5,8,8,12.85319
容量约束车辆路径问题,8代岛,5,6,8,0,13.14674
容量约束车辆路径问题,8代岛,5,6,8,1,13.08638
容量约束车辆路径问题,8代岛,5,6,8,2,13.08638
容量约束车辆路径问题,8代岛,5,6,8,3,13.08638
容量约束车辆路径问题,8代岛,5,6,8,4,12.61825
容量约束车辆路径问题,8代岛,5,6,8,5,12.61825
容量约束车辆路径问题,8代岛,5,6,8,6,12.61825
容量约束车辆路径问题,8代岛,5,6,8,7,12.61825
容量约束车辆路径问题,8代岛,5,6,8,8,12.61825
容量约束车辆路径问题,8代岛,5,7,8,0,13.28321
容量约束车辆路径问题,8代岛,5,7,8,1,13.28321
容量约束车辆路径问题,8代岛,5,7,8,2,13.28321
容量约束车辆路径问题,8代岛,5,7,8,3,13.28321
容量约束车辆路径问题,8代岛,5,7,8,4,13.28321
容量约束车辆路径问题,8代岛,5,7,8,5,13.03297
容量约束车辆路径问题,8代岛,5,7,8,6,13.03297
容量约束车辆路径问题,8代岛,5,7,8,7,13.03297
容量约束车辆路径问题,8代岛,5,7,8,8,13.03297
容量约束车辆路径问题,8代岛,5,8,8,0,12.93607
容量约束车辆路径问题,8代岛,5,8,8,1,12.93607
容量约束车辆路径问题,8代岛,5,8,8,2,12.93607
容量约束车辆路径问题,8代岛,5,8,8,3,12.93607
容量约束车辆路径问题,8代岛,5,8,8,4,12.93607
容量约束车辆路径问题,8代岛,5,8,8,5,12.93607
容量约束车辆路径问题,8代岛,5,8,8,6,12.93607
容量约束车辆路径问题,8代岛,5,8,8,7,12.79664
容量约束车辆路径问题,8代岛,5,8,8,8,12.54996
容量约束车辆路径问题,8代岛,5,9,8,0,13.28321
容量约束车辆路径问题,8代岛,5,9,8,1,13.28321
容量约束车辆路径问题,8代岛,5,9,8,2,13.04783
容量约束车辆路径问题,8代岛,5,9,8,3,13.04783
容量约束车辆路径问题,8代岛,5,9,8,4,13.04783
容量约束车辆路径问题,8代岛,5,9,8,5,13.04783
容量约束车辆路径问题,8代岛,5,9,8,6,13.04783
容量约束车辆路径问题,8代岛,5,9,8,7,12.71318
容量约束车辆路径问题,8代岛,5,9,8,8,12.71318
旅行商问题,8代岛,5,1,8,0,6.87527
旅行商问题,8代岛,5,1,8,1,6.87527
旅行商问题,8代岛,5,1,8,2,6.87527
旅行商问题,8代岛,5,1,8,3,6.07672
旅行商问题,8代岛,5,1,8,4,6.07672
旅行商问题,8代岛,5,1,8,5,6.07672
旅行商问题,8代岛,5,1,8,6,6.07672
旅行商问题,8代岛,5,1,8,7,6.07672
旅行商问题,8代岛,5,1,8,8,6.07672
旅行商问题,8代岛,5,10,8,0,6.63409
旅行商问题,8代岛,5,10,8,1,6.45209
旅行商问题,8代岛,5,10,8,2,6.45209
旅行商问题,8代岛,5,10,8,3,6.45209
旅行商问题,8代岛,5,10,8,4,6.45209
旅行商问题,8代岛,5,10,8,5,6.45209
旅行商问题,8代岛,5,10,8,6,6.45209
旅行商问题,8代岛,5,10,8,7,6.45209
旅行商问题,8代岛,5,10,8,8,6.45209
旅行商问题,8代岛,5,11,8,0,7.56873
旅行商问题,8代岛,5,11,8,1,7.31099
旅行商问题,8代岛,5,11,8,2,6.81591
旅行商问题,8代岛,5,11,8,3,6.34985
旅行商问题,8代岛,5,11,8,4,6.34985
旅行商问题,8代岛,5,11,8,5,6.34985
旅行商问题,8代岛,5,11,8,6,6.34985
旅行商问题,8代岛,5,11,8,7,6.34985
旅行商问题,8代岛,5,11,8,8,6.34985
旅行商问题,8代岛,5,12,8,0,6.13382
旅行商问题,8代岛,5,12,8,1,6.13382
旅行商问题,8代岛,5,12,8,2,6.13382
旅行商问题,8代岛,5,12,8,3,6.07672
旅行商问题,8代岛,5,12,8,4,6.07672
旅行商问题,8代岛,5,12,8,5,6.07672
旅行商问题,8代岛,5,12,8,6,6.07672
旅行商问题,8代岛,5,12,8,7,6.07672
旅行商问题,8代岛,5,12,8,8,6.07672
旅行商问题,8代岛,5,13,8,0,6.98012
旅行商问题,8代岛,5,13,8,1,6.83046
旅行商问题,8代岛,5,13,8,2,6.69223
旅行商问题,8代岛,5,13,8,3,6.69223
旅行商问题,8代岛,5,13,8,4,6.47302
旅行商问题,8代岛,5,13,8,5,6.18615
旅行商问题,8代岛,5,13,8,6,6.18615
旅行商问题,8代岛,5,13,8,7,6.18615
旅行商问题,8代岛,5,13,8,8,6.18615
旅行商问题,8代岛,5,14,8,0,6.30341
旅行商问题,8代岛,5,14,8,1,6.30341
旅行商问题,8代岛,5,14,8,2,6.07672
旅行商问题,8代岛,5,14,8,3,6.07672
旅行商问题,8代岛,5,14,8,4,6.07672
旅行商问题,8代岛,5,14,8,5,6.07672
旅行商问题,8代岛,5,14,8,6,6.07672
旅行商问题,8代岛,5,14,8,7,6.07672
旅行商问题,8代岛,5,14,8,8,6.07672
旅行商问题,8代岛,5,15,8,0,6.42519
旅行商问题,8代岛,5,15,8,1,6.42519
旅行商问题,8代岛,5,15,8,2,6.35014
旅行商问题,8代岛,5,15,8,3,6.35014
旅行商问题,8代岛,5,15,8,4,6.35014
旅行商问题,8代岛,5,15,8,5,6.30486
旅行商问题,8代岛,5,15,8,6,6.30486
旅行商问题,8代岛,5,15,8,7,6.30486
旅行商问题,8代岛,5,15,8,8,6.12393
旅行商问题,8代岛,5,16,8,0,6.21632
旅行商问题,8代岛,5,16,8,1,6.19754
旅行商问题,8代岛,5,16,8,2,6.19754
旅行商问题,8代岛,5,16,8,3,6.19754
旅行商问题,8代岛,5,16,8,4,6.19754
旅行商问题,8代岛,5,16,8,5,6.19754
旅行商问题,8代岛,5,16,8,6,6.19754
旅行商问题,8代岛,5,16,8,7,6.19754
旅行商问题,8代岛,5,16,8,8,6.19754
旅行商问题,8代岛,5,17,8,0,6.34533
旅行商问题,8代岛,5,17,8,1,6.34533
旅行商问题,8代岛,5,17,8,2,6.09197
旅行商问题,8代岛,5,17,8,3,6.09197
旅行商问题,8代岛,5,17,8,4,6.09197
旅行商问题,8代岛,5,17,8,5,6.07352
旅行商问题,8代岛,5,17,8,6,6.07352
旅行商问题,8代岛,5,17,8,7,6.07352
旅行商问题,8代岛,5,17,8,8,6.07352
旅行商问题,8代岛,5,18,8,0,6.60788
旅行商问题,8代岛,5,18,8,1,6.60788
旅行商问题,8代岛,5,18,8,2,6.60788
旅行商问题,8代岛,5,18,8,3,6.49808
旅行商问题,8代岛,5,18,8,4,6.49808
旅行商问题,8代岛,5,18,8,5,6.47484
旅行商问题,8代岛,5,18,8,6,6.47484
旅行商问题,8代岛,5,18,8,7,6.38372
旅行商问题,8代岛,5,18,8,8,6.28153
旅行商问题,8代岛,5,19,8,0,6.57878
旅行商问题,8代岛,5,19,8,1,6.40311
旅行商问题,8代岛,5,19,8,2,6.34985
旅行商问题,8代岛,5,19,8,3,6.34985
旅行商问题,8代岛,5,19,8,4,6.34985
旅行商问题,8代岛,5,19,8,5,6.34985
旅行商问题,8代岛,5,19,8,6,6.34985
旅行商问题,8代岛,5,19,8,7,6.34985
旅行商问题,8代岛,5,19,8,8,6.34985
旅行商问题,8代岛,5,2,8,0,6.31369
旅行商问题,8代岛,5,2,8,1,6.31369
旅行商问题,8代岛,5,2,8,2,6.31369
旅行商问题,8代岛,5,2,8,3,6.31369
旅行商问题,8代岛,5,2,8,4,6.31369
旅行商问题,8代岛,5,2,8,5,6.31369
旅行商问题,8代岛,5,2,8,6,6.31369
旅行商问题,8代岛,5,2,8,7,6.31369
旅行商问题,8代岛,5,2,8,8,6.31369
旅行商问题,8代岛,5,20,8,0,6.38098
旅行商问题,8代岛,5,20,8,1,6.38098
旅行商问题,8代岛,5,20,8,2,6.38098
旅行商问题,8代岛,5,20,8,3,6.38098
旅行商问题,8代岛,5,20,8,4,6.38098
旅行商问题,8代岛,5,20,8,5,6.38098
旅行商问题,8代岛,5,20,8,6,6.38098
旅行商问题,8代岛,5,20,8,7,6.30205
旅行商问题,8代岛,5,20,8,8,6.30205
旅行商问题,8代岛,5,21,8,0,6.58844
旅行商问题,8代岛,5,21,8,1,6.58844
旅行商问题,8代岛,5,21,8,2,6.58844
旅行商问题,8代岛,5,21,8,3,6.58844
旅行商问题,8代岛,5,21,8,4,6.58844
旅行商问题,8代岛,5,21,8,5,6.58844
旅行商问题,8代岛,5,21,8,6,6.58844
旅行商问题,8代岛,5,21,8,7,6.41266
旅行商问题,8代岛,5,21,8,8,6.41266
旅行商问题,8代岛,5,22,8,0,7.19415
旅行商问题,8代岛,5,22,8,1,7.15268
旅行商问题,8代岛,5,22,8,2,6.63288
旅行商问题,8代岛,5,22,8,3,6.63288
旅行商问题,8代岛,5,22,8,4,6.45518
旅行商问题,8代岛,5,22,8,5,6.26588
旅行商问题,8代岛,5,22,8,6,6.26588
旅行商问题,8代岛,5,22,8,7,6.26588
旅行商问题,8代岛,5,22,8,8,6.26588
旅行商问题,8代岛,5,23,8,0,6.49211
旅行商问题,8代岛,5,23,8,1,6.49211
旅行商问题,8代岛,5,23,8,2,6.48922
旅行商问题,8代岛,5,23,8,3,6.48922
旅行商问题,8代岛,5,23,8,4,6.46804
旅行商问题,8代岛,5,23,8,5,6.46804
旅行商问题,8代岛,5,23,8,6,6.34985
旅行商问题,8代岛,5,23,8,7,6.34985
旅行商问题,8代岛,5,23,8,8,6.34985
旅行商问题,8代岛,5,24,8,0,6.41139
旅行商问题,8代岛,5,24,8,1,6.41139
旅行商问题,8代岛,5,24,8,2,6.41139
旅行商问题,8代岛,5,24,8,3,6.39363
旅行商问题,8代岛,5,24,8,4,6.39363
旅行商问题,8代岛,5,24,8,5,6.39363
旅行商问题,8代岛,5,24,8,6,6.39363
旅行商问题,8代岛,5,24,8,7,6.35834
旅行商问题,8代岛,5,24,8,8,6.19765
旅行商问题,8代岛,5,25,8,0,6.55007
旅行商问题,8代岛,5,25,8,1,6.55007
旅行商问题,8代岛,5,25,8,2,6.45474
旅行商问题,8代岛,5,25,8,3,6.45474
旅行商问题,8代岛,5,25,8,4,6.45474
旅行商问题,8代岛,5,25,8,5,6.45474
旅行商问题,8代岛,5,25,8,6,6.45474
旅行商问题,8代岛,5,25,8,7,6.45474
旅行商问题,8代岛,5,25,8,8,6.45474
旅行商问题,8代岛,5,26,8,0,6.54709
旅行商问题,8代岛,5,26,8,1,6.54709
旅行商问题,8代岛,5,26,8,2,6.54709
旅行商问题,8代岛,5,26,8,3,6.54709
旅行商问题,8代岛,5,26,8,4,6.54709
旅行商问题,8代岛,5,26,8,5,6.54709
旅行商问题,8代岛,5,26,8,6,6.54709
旅行商问题,8代岛,5,26,8,7,6.54709
旅行商问题,8代岛,5,26,8,8,6.54709
旅行商问题,8代岛,5,27,8,0,6.98316
旅行商问题,8代岛,5,27,8,1,6.34985
旅行商问题,8代岛,5,27,8,2,6.10999
旅行商问题,8代岛,5,27,8,3,6.10999
旅行商问题,8代岛,5,27,8,4,6.0047
旅行商问题,8代岛,5,27,8,5,6.0047
旅行商问题,8代岛,5,27,8,6,6.0047
旅行商问题,8代岛,5,27,8,7,6.0047
旅行商问题,8代岛,5,27,8,8,6.00393
旅行商问题,8代岛,5,28,8,0,6.07672
旅行商问题,8代岛,5,28,8,1,6.07672
旅行商问题,8代岛,5,28,8,2,6.07672
旅行商问题,8代岛,5,28,8,3,6.07672
旅行商问题,8代岛,5,28,8,4,6.07672
旅行商问题,8代岛,5,28,8,5,6.07672
旅行商问题,8代岛,5,28,8,6,6.07672
旅行商问题,8代岛,5,28,8,7,6.07672
旅行商问题,8代岛,5,28,8,8,6.07672
旅行商问题,8代岛,5,29,8,0,6.44821
旅行商问题,8代岛,5,29,8,1,6.44821
旅行商问题,8代岛,5,29,8,2,6.07672
旅行商问题,8代岛,5,29,8,3,6.07672
旅行商问题,8代岛,5,29,8,4,6.07672
旅行商问题,8代岛,5,29,8,5,6.07672
旅行商问题,8代岛,5,29,8,6,6.07672
旅行商问题,8代岛,5,29,8,7,6.07672
旅行商问题,8代岛,5,29,8,8,6.07672
旅行商问题,8代岛,5,3,8,0,6.98158
旅行商问题,8代岛,5,3,8,1,6.59121
旅行商问题,8代岛,5,3,8,2,6.56431
旅行商问题,8代岛,5,3,8,3,6.56431
旅行商问题,8代岛,5,3,8,4,6.56431
旅行商问题,8代岛,5,3,8,5,6.54582
旅行商问题,8代岛,5,3,8,6,6.54582
旅行商问题,8代岛,5,3,8,7,6.34985
旅行商问题,8代岛,5,3,8,8,6.34985
旅行商问题,8代岛,5,30,8,0,6.16069
旅行商问题,8代岛,5,30,8,1,6.16069
旅行商问题,8代岛,5,30,8,2,6.16069
旅行商问题,8代岛,5,30,8,3,6.16069
旅行商问题,8代岛,5,30,8,4,6.16069
旅行商问题,8代岛,5,30,8,5,6.16069
旅行商问题,8代岛,5,30,8,6,6.16069
旅行商问题,8代岛,5,30,8,7,6.16069
旅行商问题,8代岛,5,30,8,8,6.16069
旅行商问题,8代岛,5,31,8,0,6.62601
旅行商问题,8代岛,5,31,8,1,6.52371
旅行商问题,8代岛,5,31,8,2,6.41632
旅行商问题,8代岛,5,31,8,3,6.41632
旅行商问题,8代岛,5,31,8,4,6.30341
旅行商问题,8代岛,5,31,8,5,6.30341
旅行商问题,8代岛,5,31,8,6,6.30341
旅行商问题,8代岛,5,31,8,7,6.30341
旅行商问题,8代岛,5,31,8,8,6.30341
旅行商问题,8代岛,5,32,8,0,6.44071
旅行商问题,8代岛,5,32,8,1,6.44071
旅行商问题,8代岛,5,32,8,2,6.44071
旅行商问题,8代岛,5,32,8,3,6.42918
旅行商问题,8代岛,5,32,8,4,6.14012
旅行商问题,8代岛,5,32,8,5,6.14012
旅行商问题,8代岛,5,32,8,6,6.14012
旅行商问题,8代岛,5,32,8,7,6.14012
旅行商问题,8代岛,5,32,8,8,6.14012
旅行商问题,8代岛,5,33,8,0,8.08204
旅行商问题,8代岛,5,33,8,1,6.69586
旅行商问题,8代岛,5,33,8,2,6.69586
旅行商问题,8代岛,5,33,8,3,6.28856
旅行商问题,8代岛,5,33,8,4,6.28856
旅行商问题,8代岛,5,33,8,5,6.28856
旅行商问题,8代岛,5,33,8,6,6.28856
旅行商问题,8代岛,5,33,8,7,6.28856
旅行商问题,8代岛,5,33,8,8,6.28856
旅行商问题,8代岛,5,34,8,0,6.65474
旅行商问题,8代岛,5,34,8,1,6.44927
旅行商问题,8代岛,5,34,8,2,6.44927
旅行商问题,8代岛,5,34,8,3,6.34985
旅行商问题,8代岛,5,34,8,4,6.34985
旅行商问题,8代岛,5,34,8,5,6.34985
旅行商问题,8代岛,5,34,8,6,6.34985
旅行商问题,8代岛,5,34,8,7,6.34985
旅行商问题,8代岛,5,34,8,8,6.34985
旅行商问题,8代岛,5,35,8,0,6.22432
旅行商问题,8代岛,5,35,8,1,6.22432
旅行商问题,8代岛,5,35,8,2,6.22432
旅行商问题,8代岛,5,35,8,3,6.22432
旅行商问题,8代岛,5,35,8,4,6.22432
旅行商问题,8代岛,5,35,8,5,6.22432
旅行商问题,8代岛,5,35,8,6,6.22432
旅行商问题,8代岛,5,35,8,7,6.22432
旅行商问题,8代岛,5,35,8,8,6.22432
旅行商问题,8代岛,5,36,8,0,6.57025
旅行商问题,8代岛,5,36,8,1,6.57025
旅行商问题,8代岛,5,36,8,2,6.30341
旅行商问题,8代岛,5,36,8,3,6.30341
旅行商问题,8代岛,5,36,8,4,6.22292
旅行商问题,8代岛,5,36,8,5,6.22292
旅行商问题,8代岛,5,36,8,6,6.22292
旅行商问题,8代岛,5,36,8,7,6.22292
旅行商问题,8代岛,5,36,8,8,6.22292
旅行商问题,8代岛,5,4,8,0,6.07672
旅行商问题,8代岛,5,4,8,1,6.07672
旅行商问题,8代岛,5,4,8,2,6.07672
旅行商问题,8代岛,5,4,8,3,6.07672
旅行商问题,8代岛,5,4,8,4,6.07672
旅行商问题,8代岛,5,4,8,5,6.07672
旅行商问题,8代岛,5,4,8,6,6.07672
旅行商问题,8代岛,5,4,8,7,6.07672
旅行商问题,8代岛,5,4,8,8,6.07672
旅行商问题,8代岛,5,5,8,0,6.49027
旅行商问题,8代岛,5,5,8,1,6.20872
旅行商问题,8代岛,5,5,8,2,6.20872
旅行商问题,8代岛,5,5,8,3,6.20872
旅行商问题,8代岛,5,5,8,4,6.20872
旅行商问题,8代岛,5,5,8,5,6.20872
旅行商问题,8代岛,5,5,8,6,6.20872
旅行商问题,8代岛,5,5,8,7,6.20872
旅行商问题,8代岛,5,5,8,8,6.20872
旅行商问题,8代岛,5,6,8,0,6.73489
旅行商问题,8代岛,5,6,8,1,6.34985
旅行商问题,8代岛,5,6,8,2,6.34985
旅行商问题,8代岛,5,6,8,3,6.34985
旅行商问题,8代岛,5,6,8,4,6.34985
旅行商问题,8代岛,5,6,8,5,6.34985
旅行商问题,8代岛,5,6,8,6,6.34985
旅行商问题,8代岛,5,6,8,7,6.34985
旅行商问题,8代岛,5,6,8,8,6.34985
旅行商问题,8代岛,5,7,8,0,7.5692
旅行商问题,8代岛,5,7,8,1,7.31099
旅行商问题,8代岛,5,7,8,2,7.04521
旅行商问题,8代岛,5,7,8,3,6.30341
旅行商问题,8代岛,5,7,8,4,6.30341
旅行商问题,8代岛,5,7,8,5,6.30341
旅行商问题,8代岛,5,7,8,6,6.20115
旅行商问题,8代岛,5,7,8,7,6.20115
旅行商问题,8代岛,5,7,8,8,6.20115
旅行商问题,8代岛,5,8,8,0,7.72777
旅行商问题,8代岛,5,8,8,1,6.08926
旅行商问题,8代岛,5,8,8,2,6.08926
旅行商问题,8代岛,5,8,8,3,6.08926
旅行商问题,8代岛,5,8,8,4,6.08926
旅行商问题,8代岛,5,8,8,5,6.08926
旅行商问题,8代岛,5,8,8,6,6.08926
旅行商问题,8代岛,5,8,8,7,6.08926
旅行商问题,8代岛,5,8,8,8,6.08926
旅行商问题,8代岛,5,9,8,0,6.26754
旅行商问题,8代岛,5,9,8,1,6.26754
旅行商问题,8代岛,5,9,8,2,6.26754
旅行商问题,8代岛,5,9,8,3,6.26754
旅行商问题,8代岛,5,9,8,4,6.26754
旅行商问题,8代岛,5,9,8,5,6.26754
旅行商问题,8代岛,5,9,8,6,6.26754
旅行商问题,8代岛,5,9,8,7,6.26754
旅行商问题,8代岛,5,9,8,8,6.20713
